category,city,cnt
food,xianghe,1252
food,guan,1030
food,yongqing,644
food,sanhe,4026
food,bazhou,1649
food,yutian,1510
food,qianxi,836
food,leting,1029
food,luannan,876
food,luanxian,991
food,qianan,2117
food,zunhua,1742
food,qinglong,378
food,qhdfuning,1379
food,lulong,372
food,yuqing,297
food,sansha,34
food,wuzhishan,217
food,wenchang,1321
food,wanning,924
food,tunchang,262
food,qiongzhong,161
food,qionghai,2034
food,lingshui,792
food,lingao,372
food,dongfang,745
food,ledong,275
food,dingan,294
food,chengmai,622
food,changjiang,199
food,baoting,307
food,baisha,145
food,danzhou,1637
food,haikou,17243
food,boao,199
food,sanya,9164
food,fuchuan,233
food,zhaoping,289
food,zhongshanxian,362
food,jinxiu,168
food,xincheng,160
food,xiangzhou,290
food,wuxuan,363
food,heshanshi,207
food,huanjiang,191
food,luocheng,203
food,dahua,234
food,bama,252
food,duan,269
food,donglan,90
food,fengshan,107
food,tiane,121
food,nandan,221
food,yizhou,1253
food,longlin,118
food,tianlin,165
food,xilin,48
food,leye,84
food,lingyun,76
food,napo,92
food,jingxi,729
food,debao,544
food,pingguo,960
food,tiandong,394
food,tianyang,637
food,longzhou,241
food,ningming,358
food,tiandeng,235
food,fusui,449
food,daxin,280
food,pingxiangshi,282
food,shangsi,253
food,dongxing,704
food,hepu,1105
food,lingshan,899
food,pubei,366
food,bobai,753
food,luchuan,507
food,rongxian,666
food,xingye,190
food,beiliu,1211
food,pingnanxian,1112
food,guiping,1043
food,mengshan,240
food,tengxian,905
food,cangwu,660
food,cenxi,988
food,rongshui,542
food,sanjiang,358
food,rongan,495
food,luzhai,1140
food,liucheng,342
food,liujiang,908
food,gongcheng,321
food,longsheng,386
food,lipu,809
food,pingle,362
food,ziyuan,167
food,guanyang,173
food,yongfu,360
food,xinganxian,670
food,quanzhouxian,808
food,lingchuanxian,1712
food,yangsu,1996
food,mashan,203
food,longan,310
food,shanglin,255
food,binyang,1428
food,hengxian,745
food,wuming,1400
food,weizhoudao,96
food,laibin,3630
food,chongzuo,2859
food,fangchenggang,2974
food,hechi,4523
food,baise,5904
food,guangxiyulin,7521
food,qinzhou,4553
food,guigang,5317
food,hezhou,2561
food,beihai,7013
food,wuzhou,5815
food,liuzhou,14876
food,guilin,20722
food,nanning,38634
food,doumen,2526
food,chenghai,1968
food,chaoyangshantou,2182
food,huiyang,4596
food,xinhui,2919
food,shunde,15920
food,xuwen,740
food,suixixian,574
food,leizhou,936
food,lianjian,1533
food,wuchuan,1273
food,dianbai,1071
food,gaozhou,1407
food,xinyishi,1126
food,huazhou,1077
food,yangdong,868
food,yangchun,974
food,yangxi,781
food,yunanxian,390
food,xinxing,1032
food,yunan,96
food,luoding,1846
food,deqingxian,339
food,fengkai,254
food,huaiji,610
food,sihui,1693
food,guangning,438
food,gaoyao,1275
food,kaiping,2252
food,taishan,1898
food,heshan,1864
food,enping,901
food,huidong,3574
food,liumen,792
food,boluo,3111
food,luhe,263
food,haifeng,1677
food,lufeng,760
food,huilai,403
food,puning,2933
food,jiexi,462
food,nanao,276
food,raoping,389
food,chaoan,2096
food,jiaoling,466
food,pingyuanxian,384
food,wuhua,662
food,fengshun,301
food,dapu,465
food,xingning,1554
food,meixian,1755
food,dongyuan,346
food,heping,445
food,lianping,449
food,liuchuan,684
food,zijin,739
food,ruyuan,532
food,xinfengxian,521
food,wengyuan,543
food,renhua,409
food,shixing,330
food,nanxiong,670
food,liannan,166
food,lecang,1001
food,lianshan,77
food,yangshan,407
food,fogang,818
food,lianzhou,630
food,yingde,1521
food,yunfu,5170
food,chaozhou,5617
food,shanwei,4471
food,jieyang,8075
food,heyuan,6462
food,meizhou,8770
food,qingyuan,9999
food,shaoguan,9168
food,huizhou,25878
food,zhanjiang,13176
food,zhaoqing,9967
food,yangjiang,5981
food,maoming,8398
food,zhongshan,23887
food,jiangmen,16837
food,dongguan,72354
food,shantou,15309
food,foshan,50586
food,zhuhai,18405
food,luqu,134
food,xiahe,143
food,maqu,139
food,diebu,76
food,zhouqu,43
food,zhuoni,75
food,lintan,126
food,hezuo,469
food,jishishan,69
food,dongxiangzu,33
food,hezheng,97
food,guanghe,80
food,yongjing,235
food,linxiaxian,92
food,kangle,136
food,linxia,1129
food,huixianxian,124
food,liangdang,35
food,lnlixian,247
food,xihe,184
food,wenxianxian,79
food,kangxian,68
food,dangcang,139
food,longxi,510
food,chengxian,194
food,weiyuanxian,82
food,minxian,287
food,zhangxian,88
food,lintao,388
food,tongwei,154
food,jingningxian,342
food,zhuanglang,347
food,huating,469
food,chongxin,180
food,lingtai,331
food,jingchuan,325
food,zhenyuanxian,189
food,ningxian,259
food,zhengning,162
food,heshui,126
food,huachi,72
food,huanxian,280
food,qingcheng,411
food,sunan,61
food,shandan,293
food,gaotai,241
food,linze,179
food,minle,200
food,akesai,62
food,subei,1
food,jinta,80
food,anxixian,223
food,dunhuang,997
food,yumen,273
food,tianzhuxian,140
food,gulang,226
food,minqin,166
food,zhangjiachuan,87
food,wushan,233
food,gangu,362
food,qinan,288
food,qingshui,184
food,jingtai,375
food,huining,224
food,yongcang,689
food,jingyuan,211
food,yuzhong,1900
food,gaolan,193
food,yongdeng,759
food,dingxi,2586
food,jinchang,2116
food,linxiazhou,1871
food,baiyin,3088
food,longnan,1701
food,pingliang,4294
food,wuwei,2983
food,gannanzhou,1205
food,jiayuguan,2062
food,zhangye,3286
food,qingyang,4866
food,tianshui,4339
food,jiuquan,4020
food,lanzhou,22848
food,zuoshui,232
food,zhenan,296
food,shanyang,317
food,danfeng,226
food,shangnan,307
food,baihe,95
food,luonan,316
food,zhenpin,45
food,xunyang,475
food,pingli,232
food,langao,143
food,ziyangxian,253
food,ningshan,144
food,hanyin,367
food,shiquan,427
food,zizhou,112
food,qingjian,132
food,wubao,63
food,jiaxianxian,50
food,mizhi,164
food,dingbian,726
food,suide,593
food,jingbian,905
food,hengshanxian,227
food,fugu,195
food,fopin,36
food,shenmu,1318
food,liuba,56
food,zhenba,119
food,ningqiang,208
food,lueyang,407
food,mianxian,512
food,xixiang,660
food,chenggu,795
food,yangxian,423
food,nanzheng,908
food,taibai,81
food,linyou,173
food,fengxianxian,151
food,qianyang,135
food,longxian,623
food,bjmeixian,714
food,fufeng,560
food,qishan,667
food,fengxiang,504
food,wugong,205
food,chunhua,103
food,xunyi,212
food,changwu,279
food,binxianshi,540
food,yongshou,213
food,liquan,857
food,jingyang,1068
food,qianxian,586
food,sanyuan,1150
food,xingping,903
food,fupingxian,1368
food,heyang,705
food,baishui,470
food,chengcheng,661
food,puchengxian,1592
food,dalixian,1254
food,tongguan,302
food,huaxianxian,488
food,hancheng,1443
food,huayin,935
food,yijun,110
food,huangling,353
food,huangliu,112
food,yichuanxian,238
food,luochuan,747
food,ganquan,181
food,fuxian,428
food,wuqi,236
food,ansai,357
food,zhidan,229
food,zichang,676
food,yanchuan,227
food,yanchang,79
food,gaoling,1796
food,huxian,1662
food,zhouzhi,709
food,lantian,840
food,huashan,203
food,tongchuan,2922
food,shangluo,3006
food,ankang,5215
food,hanzhong,8057
food,yulin,9202
food,weinan,13645
food,yanan,7798
food,xianyang,14725
food,baoji,10826
food,guinan,127
food,xinghai,118
food,guide,412
food,tongde,124
food,gonghe,710
food,tianjun,104
food,dulan,170
food,wulan,193
food,qumalai,28
food,delingha,471
food,nangqian,60
food,zhiduo,41
food,chenduo,28
food,zaduo,44
food,maduo,20
food,yushuxian,238
food,jiuzhi,64
food,dari,114
food,gande,32
food,banma,58
food,maqin,196
food,henanxian,99
food,zekun,67
food,jianzha,80
food,tongrenxian,237
food,gangcha,188
food,menyuan,262
food,qilian,293
food,xunhua,154
food,haiyanxian,321
food,hualong,120
food,minhe,451
food,huzhu,550
food,pingan,376
food,huangyuan,331
food,huangzhong,1001
food,datongzzxian,776
food,qinghaihu,6
food,geermu,2348
food,guoluo,484
food,yushu,439
food,huangnan,483
food,haibei,1064
food,haidong,2238
food,xining,14386
food,haixi,3454
food,alashankoushi,48
food,jimumai,74
food,qinghexian,68
food,habahe,124
food,fuhai,189
food,fuyun,198
food,aletai,541
food,buerjin,226
food,hainanzhou,
food,hebukesaier,133
food,yumin,74
food,tuoli,87
food,shawan,762
food,emin,339
food,wusu,832
food,tacheng,361
food,nileke,70
food,chabuchaer,297
food,tekesi,74
food,zhaosu,96
food,xinyuan,315
food,gongliu,117
food,huocheng,529
food,yiningxian,139
food,yining,3355
food,yanqi,242
food,bohu,124
food,heshuo,90
food,qiemo,62
food,hejing,374
food,ruoqiang,89
food,weili,212
food,luntai,355
food,mulei,136
food,jimusaer,451
food,qitai,705
food,manasi,492
food,hutubi,547
food,fukang,649
food,changji,3283
food,wenquan,94
food,jinghe,233
food,wuqia,53
food,bole,850
food,aketao,50
food,aheqi,31
food,atushi,228
food,yiwuxian,72
food,tuokexun,166
food,hami,2769
food,shanshan,543
food,minfeng,22
food,tulufan,567
food,yutianxian,72
food,cele,55
food,luopu,142
food,pishan,13
food,moyu,180
food,hetianxian,7
food,kepin,34
food,hetian,732
food,wushi,68
food,awati,91
food,baichengxian,178
food,xinhexian,106
food,kunche,494
food,shaya,155
food,wensu,213
food,akesu,2333
food,tashikuergan,38
food,jiashi,50
food,bachu,222
food,yuepuhu,38
food,maigaiti,119
food,yecheng,130
food,shache,171
food,zepu,112
food,yingjisha,36
food,shule,157
food,shufu,34
food,kashi,1521
food,wulumuqixian,174
food,tumushuke,392
food,wujiaqu,383
food,kuitun,1656
food,kuerle,4193
food,beitun,2
food,alaer,147
food,kezilesu,362
food,boertala,1225
food,hetiandiqu,1223
food,akesudiqu,3872
food,changjizhou,6265
food,tachengdiqu,2785
food,kelamayi,2084
food,hamidiqu,2991
food,kashidiqu,2628
food,tulufandiqu,1276
food,aletaidiqu,1420
food,shihezi,3267
food,yili,6648
food,bayinguoleng,5743
food,wulumuqi,28956
food,haiyuanxian,135
food,zhongningxian,931
food,pengyang,254
food,jingyuanxian,122
food,longde,252
food,xiji,231
food,tongxin,539
food,yanchi,582
food,qingtongxia,741
food,pingluo,865
food,helan,1277
food,lingwu,986
food,yongning,797
food,guyuan,2563
food,wuzhong,3792
food,zhongwei,2843
food,shizuishan,3925
food,yinchuan,17358
food,shuanghuxian,1
food,cuoqin,5
food,gaize,0
food,geji,1
food,ritou,65
food,zhada,14
food,pulan,26
food,gangba,130
food,geer,324
food,saga,40
food,nielamu,57
food,jilong,29
food,yadong,46
food,zhongba,26
food,dingjie,85
food,kangma,104
food,renbu,47
food,bailang,83
food,xietongmen,59
food,angren,9
food,lazi,65
food,sajia,39
food,dingri,70
food,jianzi,188
food,nanmulin,84
food,kalangzi,51
food,rikaze,879
food,cuona,24
food,longzi,7
food,jiacha,22
food,luozha,3
food,cuomei,1
food,qusong,8
food,qiongjie,6
food,sangri,16
food,gongga,61
food,zhanang,35
food,langxian,36
food,naidong,355
food,chayu,22
food,bomi,108
food,motuo,18
food,milin,61
food,gongbujiangda,71
food,bianba,32
food,linzhixian,674
food,luolong,29
food,mangkang,82
food,zuogong,45
food,chaya,4
food,basu,87
food,dingqing,44
food,leiwuqi,100
food,gongjue,3
food,jianda,35
food,changdu,183
food,nima,10
food,baqing,30
food,bange,33
food,suoxian,48
food,shenzha,9
food,anduo,12
food,nierong,25
food,biru,72
food,jiali,10
food,naquxian,256
food,muzhugongka,60
food,dazi,24
food,qushui,40
food,duilongdeqing,305
food,nimu,13
food,linzhouxian,34
food,dangxiong,128
food,naqu,506
food,changdudiqu,644
food,shannan,589
food,ali,436
food,linzhi,990
food,rikazediqu,2040
food,lasa,5182
food,anliu,229
food,shuichengxian,392
food,ceheng,52
food,wangmo,99
food,zhenfeng,184
food,qinglongxian,95
food,puan,82
food,xingren,408
food,xingyi,3169
food,sandu,109
food,huishui,599
food,liuli,401
food,changshun,110
food,pingtang,174
food,luodian,186
food,dushan,384
food,guiding,275
food,wengan,524
food,libo,389
food,fuquan,343
food,duyun,1867
food,danzhai,136
food,majian,195
food,leishan,323
food,congjian,152
food,liping,399
food,rongjian,183
food,taijian,340
food,jianhe,9
food,jinping,128
food,tianzhu,333
food,cengong,87
food,zhenyuan,789
food,sansui,282
food,shibing,212
food,huangping,255
food,kaili,2995
food,songtao,473
food,yanhe,518
food,yinjiang,500
food,yuping,303
food,dejian,837
food,sinan,553
food,jiankou,231
food,shiqian,476
food,tongren,2222
food,weining,743
food,hezhang,190
food,nayong,247
food,zhijin,469
food,jinsha,311
food,qianxixian,800
food,dafang,562
food,bijie,2211
food,ziyun,167
food,guanling,221
food,zhenning,619
food,puding,697
food,pingba,422
food,wuchuanzzxian,187
food,daozhen,164
food,xishuixian,543
food,meitan,1148
food,fenggang,617
food,zhengan,237
food,suiyang,752
food,tongzi,1157
food,renhuai,1027
food,zunyixian,1545
food,chishui,542
food,panxian,1099
food,xiuwen,508
food,xifengxian,471
food,kaiyang,758
food,baiyunshan,0
food,qingzhen,1367
food,xijiangqianhu,152
food,huangguoshu,257
food,qianxinan,4319
food,qiannan,5362
food,bijiediqu,5533
food,tongrendiqu,6145
food,liupanshui,6816
food,anshun,5449
food,qiandongnan,6818
food,zunyi,15989
food,guiyang,29624
food,dalishi,7920
food,wszfuning,363
food,guangnan,161
food,qiubei,419
food,maguan,202
food,malipo,103
food,xichou,90
food,yanshanxian,468
food,pingbian,89
food,wenshanxian,3395
food,helou,134
food,jinpingxian,91
food,honghexian,112
food,hhluxi,219
food,yuanyangxian,204
food,mile,989
food,shiping,185
food,jianshui,822
food,lvchun,85
food,kaiyuanshi,950
food,gejiu,965
food,mengzi,2666
food,mengla,379
food,menghai,380
food,jinghong,2929
food,lufengxian,551
food,wuding,478
food,yuanmou,272
food,yongren,225
food,dayao,338
food,yaoan,251
food,nanhua,291
food,moding,321
food,shuangbo,146
food,chuxiong,3442
food,weishanxian,313
food,nanjian,312
food,yangbi,95
food,heqing,271
food,jianchuan,236
food,eryuan,219
food,yunliu,101
food,yongping,184
food,midu,429
food,binchuan,697
food,weixi,155
food,xiangyun,900
food,deqin,142
food,xianggelila,1341
food,lanping,121
food,gongshan,91
food,fugong,86
food,lushui,284
food,longchuan,181
food,yingjian,227
food,lianghe,86
food,ruili,758
food,changyuanxian,170
food,luxishi,1215
food,genma,394
food,shuangjiang,209
food,zhenkang,128
food,yongde,390
food,yunxianxian,325
food,fengqing,170
food,ximeng,115
food,menglian,237
food,lancang,586
food,jiangcheng,111
food,zhenyuanzzxian,270
food,jinggu,418
food,jingdong,238
food,mojiang,218
food,ninglang,512
food,puerxian,307
food,huapin,265
food,yulong,245
food,yongsheng,338
food,shuifu,230
food,weixin,138
food,yiliangxian,72
food,zhenxiong,248
food,suijian,128
food,yongshan,231
food,daguan,66
food,yanjinxian,84
food,ludian,220
food,qiaojia,121
food,liuling,249
food,cangning,158
food,tengchong,1357
food,shidian,122
food,yuanjiang,308
food,eshan,203
food,xinping,391
food,yimen,203
food,huaning,188
food,tonghai,496
food,chengjian,439
food,jiangchuan,564
food,luliang,783
food,huize,799
food,shizong,339
food,luoping,708
food,fuyuanxian,493
food,zhanyi,715
food,maliu,285
food,xuanwei,1399
food,xundian,629
food,shilin,563
food,luquanxian,536
food,yiliang,932
food,songming,1093
food,fumin,241
food,jinning,591
food,chenggong,2597
food,shuanglang,493
food,anning,2037
food,xizhou,165
food,linchang,3125
food,zhaotong,4195
food,wenshan,5200
food,nujiang,582
food,puer,5791
food,chuxiongzhou,6315
food,honghe,7511
food,qujing,11762
food,dehong,2467
food,baoshan,4180
food,yuxi,6396
food,xishuangbanna,3854
food,diqing,1638
food,dali,11678
food,lijiang,7883
food,kunming,46288
food,wenjiang,5906
food,xindu,7008
food,bazhouqu,2955
food,muli,73
food,leibo,114
food,meigu,56
food,ganluo,89
food,yuexixian,131
food,mianning,339
food,xide,56
food,zhaojue,146
food,jinyang,39
food,butuo,58
food,puge,86
food,ningnan,161
food,huidongxian,274
food,huili,568
food,decang,567
food,yanyuan,355
food,derong,21
food,daocheng,235
food,gzzxiangcheng,55
food,batang,95
food,litang,122
food,shiqu,16
food,seda,84
food,baiyu,37
food,dege,45
food,xinliu,20
food,luhuo,95
food,ganzixian,165
food,daofu,76
food,yajian,65
food,jiuliu,62
food,danba,129
food,luding,338
food,hongyuan,208
food,nuoergai,240
food,rangtang,21
food,abaxian,92
food,xiaojin,154
food,heishui,59
food,jinchuan,62
food,jiuzhaigou,573
food,songpan,427
food,maoxian,364
food,ablixian,170
food,wenchuan,406
food,maerkang,261
food,baoxing,126
food,yalushan,270
food,tianquan,326
food,shimian,416
food,hanyuan,520
food,yingjing,420
food,qingshen,374
food,hongya,668
food,danleng,406
food,pengshan,1219
food,renshou,1891
food,anyue,1191
food,lezhi,637
food,jianyang,1577
food,quxian,810
food,dazhu,1436
food,kaijian,409
food,xuanhan,1060
food,wanyuan,500
food,pingcang,750
food,nanjiang,714
food,tongjiangxian,490
food,yanbianxian,302
food,pingshanxian,38
food,miyi,465
food,xingwen,219
food,gongxian,265
food,junlian,353
food,gaoxian,290
food,changningxian,561
food,jianan,427
food,yibinxian,938
food,gulin,276
food,xuyong,385
food,hejianxian,804
food,luxian,753
food,fushunxian,1311
food,rongxianxian,830
food,mabian,184
food,ebian,78
food,muchuan,350
food,jiajian,793
food,jingyan,400
food,emeishan,2092
food,jianwei,790
food,longcang,1093
food,zizhong,1239
food,daying,1033
food,weiyuan,995
food,shehong,1534
food,pengxi,560
food,linshui,814
food,wusheng,839
food,yuechi,1413
food,huayinshi,675
food,xichong,881
food,pengan,672
food,yilong,804
food,yingshanxian,751
food,nanbu,1541
food,zhongjian,1465
food,langzhong,1939
food,mianzhu,1482
food,luojian,640
food,guanghan,2735
food,shifang,1659
food,beichuan,86
food,pingwu,231
food,zitong,604
food,anxian,1412
food,yanting,657
food,santai,1952
food,cangxi,885
food,jianyou,3508
food,jiange,564
food,qingchuan,233
food,wangcang,472
food,xinjin,1506
food,pujiangxian,917
food,dayi,1993
food,pixian,10466
food,shuangliu,12667
food,jintang,2598
food,pengzhou,2755
food,dujiangyan,4456
food,kangding,634
food,xichang,3909
food,tiantaishan,19
food,luguhu,368
food,qingchengshan,482
food,xilingxueshan,58
food,huashuiwan,79
food,bazhong,4909
food,ziyang,5859
food,panzhihua,5008
food,meishan,8318
food,guangan,6621
food,guangyuan,6920
food,ganzi,2294
food,dazhou,9993
food,luzhou,7924
food,neijiang,7011
food,liangshan,7021
food,suining,7783
food,yaan,5084
food,deyang,13664
food,yibin,8234
food,aba,3040
food,nanchong,14043
food,leshan,10788
food,mianyang,20962
food,zigong,6891
food,gongqingcheng,514
food,yongxin,242
food,lushan,2613
food,anfu,324
food,wanan,266
food,suichuan,365
food,taihexian,465
food,yongfeng,275
food,jaxinganxian,476
food,xiajian,160
food,jishui,322
food,jianxian,625
food,jinggangshan,424
food,tonggu,142
food,shanggao,782
food,yifeng,489
food,jingan,174
food,fengxin,508
food,wanzai,720
food,gaoan,1377
food,zhangshu,842
food,fengchengshi,1183
food,dongxiang,889
food,guangcang,319
food,zixi,215
food,jinxi,445
food,yihuang,360
food,lean,273
food,chongren,430
food,nanfeng,860
food,nancheng,701
food,lichuanxian,350
food,wuyuan,1043
food,wannian,416
food,poyang,951
food,yugan,494
food,sryiyang,459
food,qianshanxian,388
food,hengfeng,351
food,yushan,1008
food,guangfeng,818
food,shangraoxian,1047
food,dexing,475
food,shicheng,392
food,xunwu,423
food,huicang,489
food,yudu,1004
food,xingguo,998
food,ningdu,752
food,quannan,244
food,dingnan,479
food,liunan,451
food,anyuan,463
food,shangyou,433
food,chongyi,398
food,xinfeng,999
food,dayu,540
food,ganxian,972
food,nankang,2596
food,ruijin,1451
food,shangli,532
food,luxi,365
food,lianhua,200
food,fenyi,652
food,yujian,491
food,guixi,1082
food,fuliang,721
food,pengze,360
food,leping,988
food,hukou,428
food,ducang,471
food,xingzi,499
food,dean,575
food,yongxiu,558
food,xiushui,987
food,wuning,497
food,jiujiangxian,617
food,ruicang,890
food,anyi,458
food,mingyueshan,96
food,longhushan,102
food,sanqingshan,119
food,yingtan,3307
food,jiangxifuzhou,8233
food,pingxiang,3947
food,jiangxiyichun,9201
food,jian,6643
food,xinyu,4651
food,jingdezhen,5099
food,shangrao,10395
food,jiujiang,13853
food,ganzhou,20031
food,nanchang,33921
food,yongshun,297
food,liushan,576
food,guzhang,34
food,baojing,71
food,huayuan,139
food,fenghuang,1098
food,xxluxi,89
food,jishou,1701
food,xinhua,794
food,shuangfeng,347
food,lianyuan,416
food,lengshuijiang,542
food,tongdao,162
food,jingzhouxian,310
food,xinhuang,169
food,zhijiang,376
food,mayang,160
food,huitong,244
food,zhongfang,103
food,xupu,615
food,yuanling,313
food,chenxi,201
food,chengbu,79
food,hongjian,361
food,xinning,209
food,zysuining,198
food,dongkou,210
food,longhui,462
food,xinshao,268
food,shaoyangxian,221
food,shaodong,1041
food,jianghua,332
food,wugangshi,356
food,qiyang,606
food,shuangpai,140
food,xintian,236
food,lanshan,195
food,jianyong,102
food,ningyuan,484
food,dongan,472
food,daoxian,424
food,anren,153
food,guidong,138
food,rucheng,397
food,jiahe,300
food,linwu,426
food,yizhang,484
food,yongxing,521
food,guiyangxian,726
food,zixing,666
food,hengdong,525
food,qidongxian,785
food,hengnan,467
food,hengshan,381
food,hengyangxian,821
food,leiyang,1613
food,changning,683
food,xiangtanxian,2699
food,shaoshan,583
food,xiangxiang,1447
food,yanlingxian,322
food,chaling,446
food,youxian,996
food,zhuzhouxian,409
food,liling,1380
food,pingjian,1185
food,xiangyin,1385
food,huarong,942
food,yueyangxian,804
food,miluo,1078
food,linxiang,603
food,anhua,481
food,taojian,725
food,yuanjian,1080
food,nanxian,825
food,shimen,464
food,taoyuanxian,698
food,linli,386
food,cdlixian,1116
food,hanshou,828
food,anxiang,623
food,jinshi,465
food,sangzhi,233
food,cili,442
food,ningxiang,2882
food,liuyang,3099
food,yongzhou,6289
food,loudi,5575
food,chenzhou,8743
food,yiyang,7471
food,huaihua,6978
food,changde,10909
food,yueyang,13145
food,xiangtan,11465
food,shaoyang,6065
food,zhuzhou,13894
food,hengyang,13376
food,xiangxi,4005
food,zhangjiajie,3645
food,changsha,59354
food,yiling,1449
food,szsuixian,493
food,hefeng,145
food,laifeng,526
food,xuanen,183
food,xianfeng,327
food,jianshixian,389
food,badong,440
food,lichuan,1112
food,enshi,3072
food,guangshui,776
food,wufeng,174
food,changyang,348
food,zigui,390
food,yuanan,266
food,xingshan,153
food,dangyang,938
food,yidu,866
food,zhijian,1096
food,jianli,1072
food,gongan,926
food,jianling,195
food,songzi,857
food,honghu,1032
food,shishou,697
food,tongshanxian,621
food,chongyang,606
food,tongchengxian,517
food,jiayu,495
food,chibi,1288
food,yangxinxian,838
food,tuanfeng,339
food,daye,1624
food,huangmei,850
food,qichun,734
food,xishui,782
food,yingshan,289
food,luotian,454
food,hongan,674
food,wuxue,770
food,macheng,1105
food,dawu,302
food,yunmeng,614
food,xiaocang,365
food,hanchuan,1538
food,yingcheng,786
food,anlu,675
food,shayang,484
food,jingshan,898
food,zhongxiang,1822
food,baokang,251
food,nanzhang,839
food,guchengxian,810
food,yicheng,1099
food,zaoyang,1905
food,zhuxi,177
food,laohekou,807
food,yunxi,360
food,fangxian,268
food,zhushan,159
food,yunxian,386
food,danjiangkou,1124
food,shennongjia,317
food,sanxia,122
food,wudangshan,335
food,xiantao,2842
food,tianmen,1432
food,ezhou,3044
food,enshizhou,6194
food,xiaogan,7805
food,suizhou,3672
food,qianjiang,2196
food,xianning,6652
food,xiangyang,18884
food,jinmen,7762
food,huangshi,7136
food,shiyan,7377
food,huanggang,8689
food,jingzhou,12904
food,yichang,14149
food,zhengyang,672
food,xincha,904
food,pingyu,1108
food,runan,828
food,xiping,1389
food,shangcha,1451
food,suiping,715
food,miyang,901
food,queshan,752
food,huaiyang,1391
food,shenqiu,1079
food,dancheng,910
food,luyi,1077
food,taikang,882
food,shangshui,941
food,xihua,795
food,fugou,818
food,xiangcheng,1666
food,xinxianxian,351
food,luoshan,523
food,shangcheng,573
food,gushi,1447
food,guangshan,718
food,huaibin,461
food,xyxixian,637
food,tongbo,584
food,xinye,1253
food,tanghe,1210
food,sheqi,381
food,xichuan,568
food,neixiang,745
food,zhenping,1070
food,xixia,1131
food,fangcheng,1054
food,nanzhao,473
food,jiaxian,879
food,dengzhou,1935
food,pdslushan,1107
food,yexian,800
food,baofeng,911
food,wugang,800
food,ruzhou,1871
food,linying,1088
food,wuyang,873
food,xcxiangcheng,1011
food,yanling,1064
food,xuchangxian,1106
food,changge,2233
food,yuzhou,2224
food,zhecheng,1344
food,xiayi,1052
food,suixian,885
food,ningling,719
food,minquan,1181
food,yuchengxian,984
food,yongcheng,2843
food,lankao,970
food,kaifengxian,854
food,weishi,1275
food,tongxu,687
food,kfqixian,743
food,puyangxian,1382
food,nanle,807
food,taiqian,495
food,fanxian,617
food,qingfeng,886
food,neihuang,727
food,huaxian,1717
food,tangyin,894
food,linzhou,2055
food,anyangxian,1256
food,hbqixian,635
food,xunxian,1136
food,changyuan,1739
food,fengqiu,701
food,yanjin,632
food,huojia,620
food,yuanyang,702
food,huixian,1514
food,xinxiangxian,554
food,wenxian,931
food,weihui,761
food,wuzhi,1439
food,boai,1047
food,qinyang,1449
food,xiuwu,650
food,mengzhou,988
food,yichuan,1812
food,luoning,502
food,lyyiyang,1386
food,ruyang,767
food,songxian,867
food,luanchuan,967
food,xinan,1170
food,mengjin,1075
food,yanshi,2195
food,shanxian,428
food,lushi,462
food,shenchixian,790
food,yima,573
food,lingbao,1407
food,zhongmo,3227
food,xingyang,3035
food,gongyi,2416
food,xinmi,2126
food,dengfeng,2262
food,huangchuan,995
food,xinzheng,5106
food,jiyuan,3246
food,hebi,4623
food,zhumadian,14171
food,sanmenxia,5979
food,luohe,8159
food,xinyang,12334
food,shangqiu,16136
food,zhoukou,13180
food,pingdingshan,12196
food,jiaozuo,13687
food,nanyang,20128
food,anyang,16789
food,puyang,9927
food,kaifeng,13369
food,xuchang,12526
food,luoyang,33675
food,zhengzhou,74552
food,xinxiang,17505
food,jinmenxian,216
food,zhouning,282
food,gutian,598
food,pingnan,280
food,zherong,343
food,xiapu,1061
food,shouning,291
food,fuan,1603
food,liancheng,451
food,wuping,428
food,shanghang,636
food,yongding,693
food,changting,786
food,zhangping,580
food,zhangpu,1643
food,dehua,1046
food,yongchun,558
food,anxi,1997
food,huian,2678
food,taining,245
food,jianning,322
food,jiangle,399
food,shaxian,830
food,youxi,883
food,datian,659
food,ninghua,491
food,qingliu,215
food,mingxi,184
food,yongan,1233
food,zhenghe,309
food,songxi,187
food,pucheng,328
food,guangze,373
food,shuncang,336
food,jianyangshi,1049
food,jianou,1005
food,shaowu,984
food,pingtan,1206
food,luoyuan,534
food,yongtai,447
food,lianjiangxian,1339
food,gulangyu,946
food,fuding,1772
food,liuhai,3019
food,jinjiang,8724
food,nanan,3543
food,shishi,4343
food,wuyishan,1683
food,changle,1807
food,fuqing,3895
food,putian,10704
food,ningde,9114
food,nanping,8105
food,zhangzhou,14904
food,longyan,9413
food,sanming,7899
food,quanzhou,37367
food,xiamen,48438
food,fuzhou,47136
food,datongqu,554
food,jixixian,423
food,jingde,264
food,guangde,1443
food,langxi,739
food,ningguo,1587
food,jingxianxian,880
food,qingyangxian,1071
food,shitai,191
food,dongzhi,407
food,hexian,884
food,hanshan,729
food,wuweixian,1434
food,lujian,1427
food,huoshan,531
food,jinzhai,681
food,shucheng,1184
food,shouxian,986
food,huoqiu,1036
food,qimen,283
food,hsyixian,452
food,xiuning,463
food,hsxixian,666
food,yuexi,467
food,wangjian,648
food,taihu,659
food,qianshan,743
food,zongyang,501
food,susong,741
food,tongcheng,1261
food,huaining,957
food,tonglingxian,967
food,nanling,1113
food,fancang,994
food,fengyangxian,1027
food,wuhuxian,1115
food,dangtou,1491
food,dingyuan,1174
food,laian,660
food,quanjiao,1148
food,mingguang,1066
food,tianchang,2482
food,fengtai,1441
food,wuhe,786
food,guzhen,791
food,huaiyuan,1364
food,yingshang,1439
food,funan,1308
food,taihe,1915
food,jieshou,1098
food,lixin,1218
food,linquan,1392
food,mengcheng,1732
food,woyang,1519
food,suixi,2134
food,sixian,809
food,xiaoxian,1119
food,lingbi,1032
food,dangshan,1139
food,feixi,2771
food,changfeng,1741
food,feidong,2233
food,jiuhuashan,155
food,xidi,53
food,hongcun,184
food,tianzhushan,39
food,liuan,8598
food,tongling,4254
food,chizhou,4609
food,bozhou,8624
food,xuancheng,8164
food,fuyang,13990
food,chaohu,2513
food,maanshan,9497
food,huaibei,7344
food,anqing,10682
food,chuzhou,11886
food,huainan,9949
food,anhuisuzhou,10392
food,wuhu,16710
food,bengbu,9941
food,huangshan,6137
food,hefei,51307
food,jingning,254
food,lsqingyuan,385
food,suicang,550
food,songyang,365
food,yunhe,472
food,qingtian,863
food,jinyun,1055
food,liuquan,1004
food,yuhuan,3111
food,tiantai,1327
food,xianju,1135
food,sanmen,926
food,wenling,5739
food,linhai,3548
food,panan,378
food,pujiang,1783
food,wuyixian,1427
food,dongyang,5606
food,lanxi,1522
food,liuyou,1097
food,kaihua,699
food,changshan,502
food,jianshan,1423
food,shaoxingxian,4523
food,xincang,1234
food,shengzhou,2107
food,shengsi,298
food,shangyu,2686
food,daishan,348
food,haiyan,1852
food,jiashan,3542
food,tongxiang,5589
food,haining,3873
food,pinghu,2612
food,anji,3133
food,deqing,2297
food,changxing,2659
food,chunan,1555
food,xiandu,4
food,jiande,1773
food,putuoshan,185
food,zhujiajian,396
food,hengdian,1365
food,moganshan,189
food,yandangshan,473
food,tianmushan,110
food,qiandaohu,1265
food,fuchunjiang,247
food,wuzhen,793
food,xitang,1091
food,xiangshan,1830
food,ninghai,2134
food,cangnan,5069
food,yueqing,6642
food,pingyang,2814
food,ruian,6371
food,yongkang,3689
food,zhuji,5492
food,tonglu,2482
food,fuyangfy,3709
food,linan,3516
food,yuyao,4407
food,fenghua,2213
food,yiwu,15148
food,cixi,6119
food,lishui,8970
food,quzhou,8961
food,zhoushan,5849
food,huzhou,16681
food,shaoxing,22282
food,jinhua,39483
food,zhejiangtaizhou,27745
food,jiaxing,27361
food,wenzhou,45368
food,ningbo,48803
food,danyang,4649
food,jurong,2660
food,yangzhong,1846
food,haian,2396
food,rudong,1558
food,rugao,3083
food,qidong,2630
food,tongzhou,4093
food,haimen,2948
food,xinghua,3815
food,jiangyan,2659
food,taixing,3125
food,baoying,2478
food,jianhu,1816
food,xiangshui,1035
food,binhai,1782
food,funing,1958
food,sheyang,1841
food,dafeng,1823
food,dongtai,2005
food,lianshui,2031
food,hongze,1284
food,jinhu,1390
food,xuyi,2006
food,sihong,2768
food,siyang,2800
food,shuyang,4653
food,guannan,1281
food,donghai,2749
food,guanyun,1672
food,ganyu,2368
food,fengxian,2641
food,peixian,2557
food,szsuining,2737
food,xinyi,2280
food,pizhou,2694
food,gaoyou,2468
food,jiangdu,3922
food,yizheng,2797
food,tongli,549
food,tianmuhu,278
food,luzhi,785
food,zhouzhuang,431
food,liyang,4195
food,jintan,3687
food,jingjian,3062
food,taicang,5027
food,yixing,7323
food,jiangyin,9127
food,wujiang,8526
food,zhangjiagang,7849
food,changshu,8239
food,kunshan,18909
food,suqian,17653
food,yancheng,22633
food,taizhou,19981
food,lianyuangang,17139
food,huaian,20255
food,nantong,26859
food,zhenjiang,19410
food,xuzhou,37987
food,changzhou,42462
food,yangzhou,26364
food,wuxi,53632
food,zhoucun,2578
food,linzi,2946
food,zichuan,2986
food,xuecheng,2132
food,shidao,999
food,mouping,1724
food,hekou,1012
food,boshan,2238
food,dongming,890
food,yunchengxian,1325
food,juancheng,731
food,juye,1155
food,danxian,1446
food,chengwu,772
food,dingtao,676
food,caoxian,1793
food,zouping,2266
food,boxing,1366
food,zhanhua,725
food,wudi,869
food,yangxin,651
food,huimin,1037
food,dongping,1524
food,ningyang,1098
food,feicheng,2169
food,xintai,2643
food,liangshanxian,1504
food,sishui,990
food,wenshang,1887
food,jiaxiang,1183
food,jinxiang,1540
food,yutai,837
food,weishan,1491
food,zoucheng,3303
food,yanzhou,3168
food,qufu,2799
food,tengzhou,5497
food,linshu,1011
food,yinan,1832
food,feixian,1578
food,pingyi,2103
food,yishui,1924
food,mengyin,1171
food,junan,1155
food,cangshan,1394
food,tancheng,1004
food,juxian,1810
food,rushan,1542
food,wulian,878
food,changdao,467
food,zhaoyuan,2047
food,penglai,2229
food,laiyang,1844
food,laizhou,2550
food,liukou,3299
food,haiyang,1848
food,qixia,1001
food,cangle,1547
food,linqu,1935
food,shouguang,3760
food,zhucheng,2861
food,gaomi,2944
food,qingzhou,3765
food,cangyi,1700
food,anqiu,2614
food,yiyuan,1145
food,gaoqing,856
food,huantai,1996
food,guangrao,1539
food,lijin,466
food,kenli,869
food,qingyun,516
food,ningjin,862
food,linyixian,1043
food,qihe,1054
food,wucheng,817
food,xiajin,878
food,pingyuan,886
food,lingxian,942
food,yucheng,981
food,gaotang,1106
food,leling,802
food,guanxian,1078
food,donga,949
food,xinxian,1187
food,chiping,1396
food,yanggu,1432
food,linqing,1354
food,shanghe,704
food,jiyang,1055
food,pingyin,872
food,wendeng,2651
food,rongcheng,3081
food,zhangqiu,4156
food,heze,14726
food,laiwu,4317
food,liaocheng,17336
food,binzhou,13920
food,dezhou,15495
food,zaozhuang,13638
food,rizhao,11984
food,jining,29740
food,dongying,11310
food,linyi,31155
food,zibo,27276
food,taian,18780
food,weifang,36444
food,weihai,16961
food,yantai,33535
food,jinan,56290
food,qingdao,64819
food,jiancang,445
food,suizhong,1392
food,xingcheng,1679
food,jzyixian,585
food,heishan,677
food,beining,886
food,linghai,1354
food,panshan,627
food,dawa,2123
food,gaizhou,1322
food,dashiqiao,2236
food,kuandian,976
food,donggang,1809
food,fengcheng,1499
food,xiuyan,865
food,taianxian,974
food,haicheng,4292
food,liaoyangxian,285
food,dengta,1113
food,huanren,849
food,benxixian,1494
food,fsqingyuan,816
food,xinbin,338
food,lnfushunxian,220
food,cangtu,940
food,xifeng,414
food,tielingxian,2696
food,kaiyuan,1922
food,diaobingshan,834
food,fuxinxian,766
food,zhangwu,645
food,kalaqinzuiyi,781
food,jianping,698
food,chaoyangxian,159
food,lingyuan,1025
food,beipiao,740
food,fakun,570
food,kangping,573
food,liaozhong,1091
food,xinmin,1678
food,changhai,199
food,zhuanghe,1856
food,pulandian,1957
food,wafangdian,3754
food,chaoyang,7718
food,tieling,9353
food,fuxin,6923
food,panjin,8409
food,benxi,9608
food,huludao,7346
food,liaoyang,7821
food,dandong,10080
food,jinzhou,12146
food,yingkou,12154
food,fushun,13770
food,anshan,18728
food,antu,744
food,wangqing,454
food,heliu,243
food,liujing,367
food,tumen,296
food,dunhua,1376
food,chengbai,294
food,jingyu,586
food,fusong,1305
food,linjian,670
food,liuhe,1187
food,huinan,944
food,tonghuaxian,522
food,jianshi,476
food,dongliao,236
food,dongfeng,1334
food,yitong,763
food,lishu,1003
food,gongzhuling,2269
food,shuangliao,1301
food,yongjixian,725
food,shulan,1059
food,huadian,1231
food,jiaohe,1279
food,panshi,1265
food,qianguoerluo,1800
food,qiananxian,684
food,changling,1094
food,fuyu,1284
food,tongyu,1059
food,zhenlai,1065
food,taonan,1023
food,nongan,1844
food,daan,1248
food,yushushi,1869
food,jiutai,1748
food,dehui,1746
food,huichun,1272
food,meihekou,2674
food,changbaishan,492
food,yanji,5686
food,baicheng,8240
food,liaoyuan,5278
food,baishan,6434
food,tonghua,9938
food,siping,11002
food,songyuan,9008
food,jilin,25239
food,yanbian,10439
food,mohe,236
food,tahe,181
food,huma,273
food,suileng,672
food,mingshui,206
food,qingan,801
food,qinggang,280
food,lanxixian,476
food,wangkui,284
food,hailun,918
food,anda,904
food,zhaodong,1287
food,linkou,491
food,dongning,563
food,hailin,1376
food,ningan,1098
food,suifenhe,917
food,muleng,495
food,jidong,761
food,mishan,1070
food,hulin,400
food,raohe,227
food,baoqing,853
food,youyi,519
food,sysjixianxian,1016
food,fuyuan,241
food,tangyuan,330
food,huachuan,585
food,huanan,743
food,fujin,1087
food,tongjiang,695
food,jiayin,303
food,tieli,1359
food,suibin,486
food,luobei,884
food,duerbote,575
food,zhaoyuanxian,694
food,lindian,556
food,sunwu,203
food,zhaozhou,727
food,xunke,202
food,nengjian,805
food,wudalianchi,780
food,beian,815
food,baiquan,763
food,kedong,220
food,fuyuxian,529
food,keshan,356
food,gannan,460
food,tailai,478
food,yian,583
food,longjiang,1221
food,boli,628
food,nehe,1012
food,bayan,1043
food,binxian,1005
food,yabuli,351
food,suihua,9800
food,shuangyashan,5013
food,yichun,4920
food,hegang,4634
food,qitaihe,2880
food,daxinganling,1323
food,jixi,7039
food,qiqihaer,16692
food,jiamusi,10845
food,mudanjiang,12849
food,heihe,4295
food,daqing,14445
food,haerbin,65157
food,ejinaqi,244
food,ayouqi,137
food,azuoqi,1625
food,zhenglanqi,198
food,zhengbaiqi,160
food,xianghuangqi,69
food,taipusiqi,177
food,xiwuqinqi,222
food,dongwuqinqi,268
food,suyouqi,163
food,suzuoqi,105
food,abagaqi,96
food,zhalaiteqi,581
food,keyouzhongqi,331
food,keyouqianqi,279
food,siziwangqi,446
food,chayouhouqi,261
food,chayouzhongqi,180
food,chayouqianqi,1903
food,hangjinhouqi,1088
food,wuhouqi,213
food,wuzhongqi,252
food,wuqianqi,1124
food,chenhuyouqi,153
food,chenhuqi,114
food,chenhuzuoqi,198
food,ewenkeqi,406
food,elunchunqi,478
food,molidawaqi,161
food,arongqi,432
food,yijinqi,765
food,wushenqi,431
food,hangjinqi,291
food,eqi,562
food,eqianqi,252
food,zhungeerqi,1014
food,zhaluteqi,595
food,dalateqi,1279
food,naimanqi,727
food,kezuohouqi,596
food,kulunqi,341
food,kezuozhongqi,882
food,keqinqi,473
food,aohanqi,633
food,wenteqi,716
food,bayouqi,368
food,ketengqi,534
food,bazuoqi,447
food,aluqinqi,608
food,daerhanqi,179
food,tuyouqi,655
food,duolun,278
food,tuzuoqi,1430
food,erlianhaote,531
food,tuquan,536
food,aershan,206
food,wuyuanxian,638
food,dengkou,434
food,liangcheng,242
food,xinghe,329
food,huade,188
food,shangdu,480
food,zhuozi,247
food,fengzhen,617
food,genhe,352
food,eerguna,600
food,yakeshi,996
food,zalantun,1244
food,manzhouli,1640
food,kailu,784
food,huolinguole,489
food,linxixian,414
food,ningcheng,831
food,qingshuihe,118
food,guyang,313
food,helingeer,843
food,wuchuanxian,371
food,wulanhaote,3121
food,tuoketuo,574
food,xilinhaote,2253
food,wulanchabu,6891
food,alashan,2006
food,xilinguole,4520
food,xingan,5054
food,bayannaoer,8758
food,wuhai,4296
food,tongliao,9511
food,eerduosi,8965
food,chifeng,11371
food,hulunbeier,9939
food,baotou,16860
food,huhehaote,25318
food,ruichengxian,518
food,xiaxian,232
food,pingluxian,280
food,hengquxian,387
food,jiangxian,519
food,xinjiangxian,347
food,jishanxian,459
food,wenxixian,695
food,wanrongxian,464
food,yclinyixian,942
food,hejin,1262
food,yongji,787
food,shilou,69
food,jiaocheng,469
food,jiaokou,208
food,lanxian,181
food,liulin,416
food,fangshan,136
food,linxian,354
food,xingxian,149
food,zhongyang,232
food,fengyang,1005
food,wenshui,558
food,xiaoyi,2041
food,fenxi,123
food,yonghe,79
food,xixian,265
food,daning,38
food,xiangning,257
food,puxian,177
food,lfjixian,159
food,fushan,288
food,guxian,149
food,anzhe,163
food,xiangfen,956
food,hongdong,1176
food,yichengxian,623
food,quwo,495
food,huozhou,698
food,houma,1476
food,lingshi,625
food,pingyao,1163
food,qixian,520
food,taigu,1085
food,shouyang,435
food,xiyang,276
food,heshun,313
food,zuoquan,367
food,yushe,162
food,jiexiu,1365
food,pianguan,89
food,baode,141
food,kelan,103
food,hequ,208
food,wuzai,216
food,shenchi,156
food,jingle,226
food,ningwu,264
food,fanzhi,769
food,daixian,448
food,wutai,498
food,dingxiang,487
food,yuanping,1188
food,lingchuan,414
food,yangcheng,856
food,qinshui,376
food,zhezhou,526
food,gaoping,767
food,qinyuan,247
food,qinxian,229
food,wuxiang,215
food,huguan,279
food,changzi,333
food,pingshun,124
food,licheng,218
food,xiangyuan,679
food,tunliu,390
food,changzhixian,539
food,lucheng,488
food,yuxian,720
food,pingding,574
food,datongxian,215
food,zuoyun,136
food,hunyuan,334
food,lingqiu,290
food,guangling,133
food,tianzhen,254
food,yanggao,537
food,huairen,1130
food,youyu,173
food,shanyin,413
food,yingxian,480
food,yangqu,295
food,loufan,119
food,qingxu,698
food,lvliang,8556
food,gujiao,507
food,shuozhou,5105
food,yangquan,4754
food,jincheng,7051
food,yuncheng,13761
food,changzhi,8885
food,xinzhou,7501
food,linfen,13347
food,jinzhong,10924
food,datong,11757
food,taiyuan,35008
food,quzhouxian,434
food,rongchengxian,374
food,hdweixian,567
food,guantao,404
food,guangping,446
food,jizhe,333
food,yongnian,1923
food,qiuxian,401
food,feixiang,557
food,cixian,1150
food,shexian,979
food,chengan,815
food,daming,822
food,linzhang,746
food,handanxian,487
food,wuan,1414
food,linxi,346
food,qinghe,789
food,xtweixian,744
food,pingxiangxian,438
food,guangzong,273
food,xinhe,242
food,ningjing,898
food,julu,479
food,nanhe,432
food,renxian,501
food,longrao,571
food,boxiang,168
food,neiqiu,530
food,lincheng,176
food,xingtaixian,816
food,shahe,1398
food,nangong,656
food,mengcun,332
food,xianxian,803
food,wuqiao,465
food,nanpi,646
food,yanshan,710
food,suning,517
food,haixing,357
food,dongguang,779
food,qingxian,1048
food,cangxian,545
food,hejian,1122
food,huanghua,1825
food,renqiu,2018
food,botou,1094
food,fucheng,302
food,jingxian,681
food,gucheng,941
food,anping,749
food,raoyang,277
food,wuqiang,214
food,wuyi,572
food,zaoqiang,975
food,shenzhou,658
food,lixian,462
food,jizhou,694
food,boye,232
food,fuping,290
food,xiongxian,423
food,quyang,490
food,anxin,470
food,gaoyang,636
food,laishui,558
food,wangdu,342
food,tangxian,447
food,dingxing,607
food,shunping,390
food,laiyuan,401
food,xushui,906
food,bdqingyuan,720
food,bdyixian,626
food,gaopaidian,2213
food,mancheng,661
food,zhuozhou,2139
food,anguo,671
food,dingzhou,1908
food,wenan,710
food,dachang,362
food,dacheng,704
food,cangli,1176
food,weichang,832
food,kuancheng,554
food,fengning,828
food,luanping,625
food,longhua,430
food,pingquan,816
food,xinglong,608
food,chengdexian,901
food,chongli,393
food,chicheng,340
food,huailai,1142
food,zhuolu,531
food,wanquan,472
food,huaianxian,200
food,yangyuan,319
food,weixian,847
food,shangyi,106
food,guyuanxian,548
food,kangbao,83
food,zhangbei,892
food,xuanhua,234
food,zhaoxian,816
food,pingshan,1265
food,yuanshi,901
food,wuji,790
food,zanhuang,426
food,gaoyi,353
food,shenzhe,392
food,lingshou,471
food,xingtang,599
food,zhengding,1881
food,luancheng,1174
food,jingjing,393
food,luquan,1510
food,xinle,875
food,jinzhoushi,872
food,xinji,1786
food,gaocheng,1466
food,nandaihe,513
food,hengshui,10521
food,zhangjiakou,14111
food,cangzhou,18093
food,chengde,9703
food,xingtai,15114
food,tangshan,25325
food,langfang,17342
food,qinhuangdao,15379
food,handan,23957
food,baoding,27805
food,shijiazhuang,47356
life,shijiazhuang,6078
life,dacheng,90
life,xianghe,197
life,yongqing,113
life,guan,107
life,sanhe,577
life,bazhou,185
life,yutian,232
life,qianxi,166
life,leting,209
life,luannan,159
life,luanxian,149
life,qianan,323
life,zunhua,300
life,qinglong,91
life,lulong,77
life,qhdfuning,164
life,sansha,9
life,wuzhishan,35
life,wenchang,196
life,wanning,167
life,tunchang,83
life,qiongzhong,54
life,qionghai,334
life,lingshui,137
life,lingao,56
life,ledong,54
life,dongfang,101
life,dingan,77
life,chengmai,185
life,changjiang,42
life,baoting,71
life,baisha,47
life,danzhou,220
life,boao,30
life,haikou,3088
life,sanya,1171
life,fuchuan,83
life,zhongshanxian,54
life,zhaoping,69
life,jinxiu,40
life,wuxuan,70
life,xincheng,39
life,xiangzhou,59
life,heshanshi,27
life,huanjiang,20
life,luocheng,26
life,dahua,31
life,duan,46
life,bama,34
life,donglan,19
life,fengshan,18
life,tiane,25
life,nandan,46
life,yizhou,151
life,longlin,41
life,tianlin,40
life,xilin,21
life,leye,18
life,lingyun,25
life,napo,31
life,jingxi,114
life,debao,98
life,pingguo,146
life,tiandong,77
life,tianyang,114
life,longzhou,46
life,ningming,54
life,tiandeng,22
life,daxin,49
life,fusui,55
life,pingxiangshi,48
life,shangsi,31
life,dongxing,115
life,hepu,207
life,pubei,67
life,lingshan,140
life,bobai,88
life,luchuan,84
life,rongxian,104
life,xingye,27
life,beiliu,174
life,pingnanxian,127
life,guiping,181
life,mengshan,39
life,tengxian,91
life,cangwu,65
life,cenxi,164
life,rongshui,119
life,sanjiang,66
life,rongan,51
life,luzhai,165
life,liucheng,48
life,liujiang,141
life,gongcheng,47
life,longsheng,36
life,lipu,88
life,pingle,44
life,ziyuan,27
life,guanyang,30
life,yongfu,49
life,xinganxian,126
life,quanzhouxian,93
life,lingchuanxian,195
life,yangsu,217
life,mashan,59
life,longan,58
life,shanglin,58
life,binyang,238
life,hengxian,95
life,wuming,206
life,weizhoudao,26
life,laibin,583
life,chongzuo,443
life,fangchenggang,370
life,hechi,620
life,baise,988
life,guangxiyulin,1048
life,qinzhou,743
life,guigang,877
life,hezhou,473
life,beihai,938
life,wuzhou,738
life,liuzhou,2213
life,guilin,1835
life,nanning,5446
life,doumen,397
life,chenghai,226
life,chaoyangshantou,251
life,xinhui,348
life,huiyang,558
life,shunde,2012
life,xuwen,81
life,suixixian,85
life,leizhou,90
life,lianjian,203
life,wuchuan,133
life,dianbai,155
life,gaozhou,169
life,xinyishi,138
life,huazhou,189
life,yangdong,80
life,yangxi,89
life,yangchun,159
life,yunanxian,36
life,xinxing,108
life,yunan,10
life,luoding,158
life,deqingxian,38
life,fengkai,21
life,huaiji,82
life,guangning,42
life,sihui,146
life,gaoyao,97
life,heshan,209
life,kaiping,318
life,taishan,244
life,enping,117
life,liumen,96
life,huidong,442
life,boluo,364
life,luhe,48
life,haifeng,165
life,lufeng,121
life,huilai,70
life,jiexi,57
life,puning,282
life,nanao,24
life,raoping,78
life,chaoan,200
life,jiaoling,56
life,pingyuanxian,45
life,wuhua,88
life,fengshun,50
life,dapu,71
life,meixian,172
life,xingning,189
life,dongyuan,30
life,heping,59
life,lianping,57
life,liuchuan,77
life,zijin,74
life,ruyuan,63
life,xinfengxian,63
life,wengyuan,53
life,shixing,54
life,nanxiong,87
life,lecang,123
life,renhua,53
life,liannan,37
life,lianshan,14
life,yangshan,57
life,fogang,111
life,lianzhou,85
life,yingde,184
life,yunfu,505
life,shanwei,554
life,chaozhou,925
life,jieyang,934
life,heyuan,763
life,meizhou,1081
life,qingyuan,1189
life,shaoguan,1106
life,zhanjiang,1426
life,huizhou,3023
life,zhaoqing,1006
life,yangjiang,775
life,maoming,1172
life,zhongshan,2812
life,jiangmen,2395
life,shantou,1884
life,dongguan,6984
life,foshan,6373
life,zhuhai,2732
life,shenzhen,14879
life,guangzhou,14756
life,xiahe,28
life,luqu,18
life,maqu,28
life,diebu,16
life,zhouqu,14
life,zhuoni,18
life,lintan,29
life,hezuo,85
life,jishishan,11
life,dongxiangzu,7
life,hezheng,19
life,guanghe,9
life,yongjing,76
life,kangle,15
life,linxiaxian,10
life,linxia,129
life,huixianxian,32
life,liangdang,13
life,lnlixian,36
life,xihe,42
life,wenxianxian,22
life,kangxian,19
life,dangcang,53
life,chengxian,47
life,longxi,60
life,weiyuanxian,21
life,minxian,34
life,zhangxian,6
life,lintao,101
life,tongwei,25
life,jingningxian,56
life,zhuanglang,27
life,huating,68
life,chongxin,19
life,lingtai,46
life,jingchuan,33
life,zhenyuanxian,7
life,ningxian,24
life,zhengning,18
life,heshui,10
life,huachi,10
life,huanxian,41
life,qingcheng,40
life,sunan,10
life,shandan,74
life,gaotai,48
life,linze,57
life,minle,42
life,akesai,4
life,subei,0
life,anxixian,25
life,jinta,16
life,dunhuang,183
life,yumen,40
life,tianzhuxian,19
life,gulang,34
life,minqin,29
life,zhangjiachuan,6
life,wushan,31
life,gangu,52
life,qinan,48
life,qingshui,24
life,jingtai,76
life,huining,14
life,jingyuan,55
life,yongcang,131
life,yuzhong,188
life,gaolan,35
life,yongdeng,194
life,dingxi,405
life,jinchang,432
life,linxiazhou,276
life,baiyin,636
life,longnan,437
life,pingliang,669
life,wuwei,704
life,gannanzhou,236
life,jiayuguan,464
life,zhangye,587
life,qingyang,486
life,tianshui,746
life,jiuquan,715
life,lanzhou,3989
life,zuoshui,34
life,zhenan,30
life,shanyang,33
life,shangnan,52
life,danfeng,60
life,luonan,40
life,baihe,25
life,xunyang,52
life,zhenpin,8
life,pingli,32
life,langao,29
life,ziyangxian,31
life,ningshan,21
life,shiquan,42
life,hanyin,59
life,zizhou,20
life,qingjian,10
life,wubao,14
life,jiaxianxian,7
life,mizhi,34
life,suide,83
life,dingbian,77
life,jingbian,88
life,hengshanxian,37
life,fugu,33
life,shenmu,203
life,fopin,11
life,liuba,14
life,zhenba,17
life,lueyang,46
life,ningqiang,33
life,mianxian,85
life,xixiang,76
life,yangxian,57
life,chenggu,81
life,nanzheng,115
life,taibai,15
life,fengxianxian,24
life,linyou,13
life,qianyang,18
life,longxian,106
life,bjmeixian,94
life,fufeng,75
life,qishan,94
life,fengxiang,66
life,wugong,13
life,chunhua,13
life,xunyi,16
life,changwu,15
life,binxianshi,47
life,yongshou,16
life,liquan,114
life,qianxian,49
life,jingyang,96
life,sanyuan,119
life,xingping,85
life,fupingxian,135
life,heyang,94
life,baishui,70
life,chengcheng,91
life,puchengxian,220
life,dalixian,151
life,tongguan,34
life,huaxianxian,43
life,hancheng,244
life,huayin,125
life,yijun,16
life,huangling,33
life,huangliu,16
life,yichuanxian,20
life,luochuan,60
life,fuxian,35
life,ganquan,26
life,wuqi,30
life,zhidan,29
life,ansai,35
life,zichang,57
life,yanchuan,35
life,yanchang,20
life,gaoling,183
life,huxian,294
life,zhouzhi,127
life,lantian,145
life,huashan,33
life,shangluo,462
life,tongchuan,357
life,ankang,751
life,hanzhong,1078
life,yulin,1095
life,weinan,1695
life,yanan,733
life,xianyang,1520
life,baoji,1446
life,xian,11622
life,guinan,19
life,xinghai,14
life,guide,49
life,tongde,13
life,gonghe,79
life,tianjun,21
life,dulan,23
life,wulan,20
life,delingha,112
life,qumalai,6
life,nangqian,11
life,zhiduo,6
life,chenduo,14
life,zaduo,10
life,yushuxian,57
life,maduo,4
life,jiuzhi,15
life,dari,9
life,gande,6
life,banma,7
life,maqin,43
life,henanxian,13
life,zekun,11
life,jianzha,13
life,tongrenxian,49
life,menyuan,34
life,gangcha,18
life,qilian,63
life,haiyanxian,40
life,xunhua,13
life,hualong,13
life,huzhu,32
life,minhe,51
life,pingan,53
life,huangzhong,134
life,huangyuan,39
life,datongzzxian,128
life,geermu,337
life,qinghaihu,1
life,guoluo,84
life,yushu,104
life,huangnan,86
life,haibei,155
life,haidong,229
life,haixi,528
life,xining,2309
life,alashankoushi,14
life,jimumai,15
life,qinghexian,20
life,habahe,41
life,fuhai,48
life,fuyun,32
life,buerjin,36
life,aletai,125
life,hebukesaier,30
life,yumin,26
life,emin,44
life,tuoli,19
life,wusu,79
life,shawan,111
life,tacheng,68
life,chabuchaer,37
life,nileke,12
life,tekesi,9
life,zhaosu,18
life,xinyuan,57
life,gongliu,28
life,huocheng,54
life,yiningxian,43
life,yining,399
life,yanqi,41
life,bohu,17
life,heshuo,37
life,hejing,80
life,qiemo,28
life,ruoqiang,42
life,weili,60
life,luntai,106
life,mulei,16
life,jimusaer,82
life,qitai,127
life,manasi,68
life,hutubi,90
life,fukang,142
life,changji,415
life,wenquan,24
life,jinghe,38
life,bole,156
life,wuqia,15
life,aheqi,7
life,aketao,12
life,atushi,45
life,yiwuxian,19
life,hami,415
life,tuokexun,40
life,shanshan,95
life,tulufan,126
life,minfeng,7
life,yutianxian,21
life,cele,20
life,luopu,24
life,pishan,20
life,moyu,15
life,hetianxian,8
life,hetian,180
life,kepin,9
life,awati,22
life,wushi,31
life,baichengxian,57
life,xinhexian,23
life,shaya,35
life,kunche,78
life,wensu,47
life,akesu,348
life,tashikuergan,9
life,bachu,40
life,jiashi,19
life,yuepuhu,22
life,maigaiti,24
life,yecheng,41
life,shache,88
life,zepu,21
life,yingjisha,21
life,shule,38
life,shufu,11
life,kashi,239
life,wulumuqixian,102
life,wujiaqu,31
life,tumushuke,31
life,kuerle,906
life,kuitun,267
life,beitun,0
life,alaer,30
life,kezilesu,79
life,boertala,232
life,hetiandiqu,295
life,akesudiqu,659
life,tachengdiqu,404
life,changjizhou,940
life,kelamayi,379
life,hamidiqu,460
life,kashidiqu,573
life,tulufandiqu,261
life,aletaidiqu,317
life,shihezi,307
life,yili,924
life,bayinguoleng,1317
life,wulumuqi,3553
life,haiyuanxian,20
life,zhongningxian,121
life,pengyang,17
life,jingyuanxian,35
life,longde,27
life,xiji,32
life,tongxin,85
life,yanchi,87
life,qingtongxia,102
life,pingluo,120
life,helan,220
life,yongning,98
life,lingwu,157
life,guyuan,352
life,wuzhong,591
life,zhongwei,517
life,shizuishan,590
life,yinchuan,3034
life,shuanghuxian,0
life,cuoqin,5
life,gaize,12
life,geji,7
life,ritou,10
life,zhada,4
life,pulan,9
life,geer,81
life,gangba,25
life,saga,8
life,nielamu,34
life,jilong,5
life,yadong,12
life,zhongba,9
life,dingjie,6
life,kangma,20
life,renbu,16
life,bailang,10
life,xietongmen,11
life,angren,4
life,lazi,11
life,sajia,8
life,dingri,8
life,jianzi,34
life,nanmulin,5
life,rikaze,159
life,kalangzi,5
life,cuona,7
life,longzi,3
life,jiacha,4
life,luozha,2
life,cuomei,0
life,qusong,5
life,qiongjie,5
life,sangri,3
life,gongga,16
life,zhanang,8
life,naidong,152
life,langxian,15
life,chayu,16
life,bomi,30
life,motuo,2
life,milin,23
life,gongbujiangda,16
life,linzhixian,188
life,bianba,8
life,luolong,8
life,mangkang,18
life,zuogong,19
life,basu,12
life,chaya,1
life,dingqing,12
life,leiwuqi,10
life,gongjue,4
life,jianda,0
life,changdu,24
life,nima,7
life,baqing,3
life,bange,6
life,suoxian,2
life,shenzha,5
life,anduo,11
life,nierong,4
life,biru,11
life,jiali,3
life,naquxian,80
life,muzhugongka,33
life,dazi,18
life,duilongdeqing,82
life,qushui,13
life,nimu,22
life,dangxiong,57
life,linzhouxian,20
life,naqu,132
life,changdudiqu,116
life,shannan,210
life,ali,128
life,rikazediqu,385
life,linzhi,290
life,lasa,1728
life,shuichengxian,38
life,anliu,32
life,ceheng,6
life,wangmo,20
life,qinglongxian,12
life,puan,15
life,xingren,58
life,zhenfeng,15
life,xingyi,389
life,sandu,29
life,huishui,76
life,liuli,65
life,luodian,34
life,dushan,53
life,changshun,18
life,guiding,45
life,pingtang,25
life,fuquan,38
life,wengan,45
life,duyun,266
life,danzhai,23
life,libo,42
life,majian,26
life,leishan,62
life,congjian,38
life,rongjian,39
life,liping,56
life,taijian,51
life,jianhe,4
life,jinping,19
life,tianzhu,45
life,cengong,15
life,zhenyuan,124
life,sansui,34
life,shibing,32
life,huangping,33
life,kaili,362
life,songtao,77
life,yanhe,50
life,yinjiang,61
life,yuping,51
life,dejian,83
life,sinan,53
life,shiqian,58
life,jiankou,55
life,tongren,307
life,weining,52
life,hezhang,30
life,nayong,33
life,zhijin,63
life,jinsha,45
life,qianxixian,86
life,dafang,44
life,bijie,269
life,ziyun,31
life,zhenning,71
life,guanling,33
life,puding,67
life,pingba,65
life,wuchuanzzxian,21
life,daozhen,36
life,xishuixian,55
life,yuqing,43
life,meitan,131
life,fenggang,60
life,zhengan,42
life,suiyang,106
life,tongzi,204
life,zunyixian,178
life,renhuai,216
life,chishui,54
life,panxian,144
life,xifengxian,47
life,xiuwen,58
life,kaiyang,91
life,qingzhen,221
life,baiyunshan,0
life,xijiangqianhu,25
life,huangguoshu,13
life,qianxinan,547
life,bijiediqu,622
life,qiannan,736
life,tongrendiqu,801
life,liupanshui,716
life,anshun,693
life,qiandongnan,964
life,zunyi,2194
life,guiyang,4244
life,dalishi,961
life,wszfuning,70
life,guangnan,38
life,qiubei,80
life,maguan,62
life,malipo,39
life,xichou,23
life,yanshanxian,80
life,wenshanxian,646
life,pingbian,24
life,helou,50
life,jinpingxian,33
life,honghexian,23
life,yuanyangxian,31
life,hhluxi,58
life,mile,203
life,shiping,31
life,jianshui,157
life,lvchun,11
life,kaiyuanshi,209
life,mengzi,455
life,mengla,96
life,gejiu,172
life,menghai,78
life,jinghong,615
life,lufengxian,87
life,wuding,89
life,yuanmou,66
life,yongren,40
life,dayao,48
life,yaoan,46
life,nanhua,43
life,moding,54
life,shuangbo,31
life,chuxiong,447
life,weishanxian,51
life,nanjian,35
life,yangbi,8
life,heqing,38
life,jianchuan,28
life,eryuan,21
life,yunliu,14
life,yongping,23
life,midu,38
life,binchuan,66
life,xiangyun,89
life,weixi,36
life,deqin,41
life,xianggelila,301
life,lanping,34
life,gongshan,20
life,fugong,21
life,lushui,64
life,longchuan,31
life,yingjian,32
life,lianghe,9
life,ruili,123
life,luxishi,132
life,changyuanxian,42
life,genma,66
life,shuangjiang,48
life,zhenkang,37
life,yongde,38
life,yunxianxian,73
life,fengqing,43
life,ximeng,15
life,lancang,104
life,menglian,29
life,jiangcheng,16
life,zhenyuanzzxian,27
life,jinggu,78
life,jingdong,52
life,mojiang,35
life,puerxian,61
life,ninglang,97
life,yulong,56
life,huapin,64
life,yongsheng,45
life,shuifu,30
life,weixin,24
life,yiliangxian,14
life,zhenxiong,24
life,suijian,36
life,yongshan,63
life,daguan,17
life,yanjinxian,14
life,qiaojia,24
life,ludian,24
life,cangning,37
life,liuling,40
life,tengchong,221
life,shidian,29
life,yuanjiang,47
life,xinping,61
life,eshan,40
life,yimen,68
life,huaning,64
life,tonghai,64
life,chengjian,93
life,jiangchuan,73
life,huize,96
life,luliang,87
life,shizong,61
life,luoping,102
life,fuyuanxian,68
life,zhanyi,78
life,maliu,66
life,xuanwei,169
life,xundian,109
life,luquanxian,113
life,shilin,79
life,songming,123
life,yiliang,127
life,fumin,50
life,jinning,99
life,chenggong,288
life,anning,320
life,shuanglang,42
life,xizhou,8
life,linchang,544
life,wenshan,1038
life,zhaotong,639
life,nujiang,139
life,puer,875
life,chuxiongzhou,951
life,honghe,1457
life,dehong,327
life,qujing,1578
life,baoshan,698
life,yuxi,1230
life,xishuangbanna,795
life,diqing,378
life,dali,1372
life,lijiang,1269
life,kunming,8012
life,wenjiang,1177
life,xindu,1636
life,bazhouqu,555
life,muli,16
life,leibo,42
life,meigu,13
life,ganluo,22
life,yuexixian,28
life,mianning,68
life,xide,21
life,zhaojue,25
life,jinyang,9
life,butuo,10
life,puge,23
life,ningnan,59
life,huidongxian,63
life,decang,140
life,yanyuan,41
life,derong,5
life,huili,95
life,daocheng,42
life,gzzxiangcheng,9
life,batang,17
life,litang,25
life,seda,14
life,shiqu,5
life,baiyu,1
life,dege,8
life,xinliu,3
life,ganzixian,38
life,luhuo,13
life,daofu,18
life,yajian,10
life,jiuliu,13
life,danba,24
life,luding,56
life,hongyuan,23
life,nuoergai,42
life,abaxian,34
life,rangtang,6
life,heishui,17
life,xiaojin,33
life,jinchuan,33
life,jiuzhaigou,114
life,songpan,73
life,maoxian,64
life,ablixian,50
life,wenchuan,108
life,maerkang,73
life,baoxing,21
life,yalushan,65
life,tianquan,73
life,shimian,75
life,hanyuan,152
life,yingjing,113
life,qingshen,134
life,danleng,86
life,hongya,148
life,pengshan,242
life,renshou,512
life,anyue,233
life,lezhi,120
life,jianyang,316
life,quxian,110
life,dazhu,161
life,kaijian,72
life,xuanhan,131
life,wanyuan,99
life,pingcang,89
life,nanjiang,116
life,tongjiangxian,77
life,yanbianxian,57
life,miyi,80
life,pingshanxian,9
life,xingwen,40
life,gongxian,75
life,junlian,90
life,gaoxian,57
life,changningxian,123
life,jianan,114
life,yibinxian,170
life,gulin,67
life,xuyong,80
life,hejianxian,136
life,luxian,126
life,fushunxian,378
life,rongxianxian,267
life,mabian,40
life,ebian,24
life,muchuan,50
life,jiajian,189
life,jingyan,79
life,jianwei,180
life,emeishan,423
life,longcang,206
life,zizhong,253
life,weiyuan,284
life,daying,326
life,shehong,345
life,pengxi,96
life,linshui,119
life,wusheng,142
life,yuechi,252
life,huayinshi,164
life,xichong,227
life,yilong,164
life,pengan,156
life,yingshanxian,188
life,nanbu,459
life,langzhong,493
life,zhongjian,341
life,luojian,162
life,mianzhu,459
life,guanghan,565
life,shifang,475
life,pingwu,76
life,beichuan,40
life,zitong,252
life,anxian,491
life,yanting,198
life,santai,489
life,jianyou,994
life,cangxi,143
life,jiange,92
life,qingchuan,51
life,wangcang,78
life,xinjin,463
life,pujiangxian,266
life,dayi,592
life,pixian,1777
life,shuangliu,3212
life,jintang,711
life,pengzhou,807
life,dujiangyan,1140
life,kangding,121
life,xichang,709
life,luguhu,53
life,tiantaishan,12
life,qingchengshan,115
life,xilingxueshan,32
life,huashuiwan,23
life,bazhong,837
life,ziyang,1317
life,panzhihua,779
life,meishan,2076
life,guangan,1273
life,guangyuan,1183
life,ganzi,422
life,dazhou,1584
life,luzhou,1456
life,neijiang,1570
life,suining,1703
life,liangshan,1384
life,yaan,1184
life,deyang,3604
life,yibin,1635
life,aba,670
life,nanchong,3426
life,mianyang,5826
life,leshan,2080
life,zigong,1752
life,chengdu,28853
life,gongqingcheng,64
life,lushan,292
life,yongxin,27
life,anfu,42
life,wanan,47
life,suichuan,57
life,taihexian,60
life,yongfeng,57
life,jaxinganxian,48
life,xiajian,32
life,jishui,47
life,jianxian,105
life,jinggangshan,55
life,tonggu,31
life,jingan,36
life,yifeng,66
life,shanggao,96
life,wanzai,105
life,fengxin,73
life,gaoan,143
life,zhangshu,144
life,fengchengshi,246
life,guangcang,51
life,dongxiang,113
life,zixi,25
life,jinxi,70
life,yihuang,43
life,lean,36
life,chongren,73
life,nanfeng,111
life,lichuanxian,36
life,nancheng,90
life,wuyuan,146
life,wannian,46
life,poyang,142
life,yugan,69
life,sryiyang,72
life,hengfeng,55
life,qianshanxian,45
life,yushan,166
life,guangfeng,144
life,shangraoxian,218
life,dexing,49
life,shicheng,52
life,xunwu,50
life,huicang,59
life,xingguo,124
life,yudu,113
life,ningdu,55
life,quannan,37
life,dingnan,57
life,liunan,73
life,anyuan,62
life,chongyi,53
life,shangyou,56
life,dayu,90
life,xinfeng,153
life,ganxian,160
life,nankang,366
life,ruijin,252
life,luxi,74
life,shangli,92
life,lianhua,39
life,fenyi,97
life,yujian,82
life,guixi,157
life,fuliang,82
life,leping,181
life,pengze,45
life,hukou,56
life,ducang,54
life,xingzi,70
life,dean,77
life,yongxiu,92
life,xiushui,109
life,wuning,84
life,jiujiangxian,70
life,ruicang,129
life,anyi,74
life,mingyueshan,28
life,longhushan,11
life,sanqingshan,30
life,jiangxifuzhou,1137
life,yingtan,511
life,pingxiang,843
life,jiangxiyichun,1431
life,xinyu,732
life,jian,959
life,jingdezhen,848
life,shangrao,1662
life,jiujiang,1846
life,ganzhou,2725
life,nanchang,4149
life,liushan,74
life,yongshun,62
life,guzhang,18
life,baojing,38
life,huayuan,36
life,fenghuang,199
life,xxluxi,24
life,jishou,266
life,xinhua,169
life,shuangfeng,92
life,lianyuan,115
life,lengshuijiang,107
life,tongdao,41
life,jingzhouxian,74
life,zhijiang,57
life,xinhuang,44
life,mayang,55
life,huitong,53
life,zhongfang,29
life,xupu,117
life,chenxi,60
life,yuanling,83
life,hongjian,68
life,chengbu,16
life,xinning,36
life,zysuining,29
life,dongkou,42
life,longhui,70
life,xinshao,39
life,shaoyangxian,28
life,shaodong,182
life,wugangshi,46
life,jianghua,41
life,qiyang,98
life,shuangpai,20
life,lanshan,31
life,xintian,23
life,jianyong,11
life,ningyuan,66
life,daoxian,44
life,dongan,62
life,anren,41
life,guidong,21
life,rucheng,42
life,linwu,80
life,jiahe,33
life,yizhang,63
life,yongxing,77
life,guiyangxian,107
life,zixing,89
life,qidongxian,140
life,hengdong,105
life,hengshan,50
life,hengnan,87
life,hengyangxian,108
life,leiyang,386
life,changning,115
life,xiangtanxian,403
life,shaoshan,69
life,xiangxiang,294
life,yanlingxian,71
life,chaling,76
life,youxian,151
life,zhuzhouxian,66
life,liling,202
life,pingjian,217
life,xiangyin,213
life,huarong,168
life,yueyangxian,146
life,linxiang,137
life,miluo,260
life,anhua,89
life,taojian,127
life,nanxian,146
life,yuanjian,213
life,shimen,91
life,taoyuanxian,176
life,linli,96
life,cdlixian,210
life,hanshou,187
life,anxiang,130
life,jinshi,127
life,sangzhi,42
life,cili,92
life,ningxiang,535
life,liuyang,467
life,yongzhou,843
life,loudi,1021
life,chenzhou,1368
life,huaihua,1329
life,yiyang,1384
life,changde,2270
life,yueyang,2350
life,shaoyang,955
life,xiangtan,1965
life,zhuzhou,2429
life,hengyang,2264
life,zhangjiajie,621
life,xiangxi,717
life,changsha,9237
life,szsuixian,53
life,yiling,212
life,laifeng,38
life,hefeng,35
life,xianfeng,52
life,xuanen,23
life,badong,55
life,jianshixian,55
life,lichuan,164
life,enshi,427
life,guangshui,114
life,wufeng,24
life,changyang,74
life,zigui,107
life,xingshan,24
life,yuanan,39
life,dangyang,162
life,yidu,150
life,zhijian,185
life,jianli,137
life,gongan,163
life,jianling,37
life,songzi,133
life,honghu,142
life,shishou,118
life,tongshanxian,109
life,chongyang,113
life,tongchengxian,129
life,jiayu,85
life,chibi,204
life,yangxinxian,115
life,daye,263
life,tuanfeng,64
life,huangmei,121
life,qichun,137
life,xishui,126
life,yingshan,53
life,luotian,72
life,hongan,86
life,wuxue,176
life,macheng,171
life,yunmeng,84
life,dawu,30
life,xiaocang,64
life,hanchuan,245
life,anlu,98
life,yingcheng,124
life,jingshan,169
life,shayang,111
life,zhongxiang,272
life,baokang,42
life,guchengxian,94
life,nanzhang,105
life,yicheng,155
life,zaoyang,163
life,laohekou,112
life,zhuxi,41
life,yunxi,33
life,fangxian,50
life,zhushan,29
life,yunxian,56
life,danjiangkou,117
life,shennongjia,33
life,sanxia,14
life,wudangshan,44
life,xiantao,384
life,tianmen,196
life,ezhou,441
life,enshizhou,849
life,xiaogan,1319
life,suizhou,555
life,qianjiang,294
life,xianning,1093
life,jinmen,1231
life,xiangyang,2478
life,huangshi,1073
life,shiyan,1001
life,huanggang,1473
life,jingzhou,2170
life,yichang,2219
life,wuhan,12264
life,zhengyang,72
life,xincha,80
life,pingyu,141
life,runan,95
life,shangcha,154
life,xiping,172
life,suiping,89
life,miyang,94
life,queshan,96
life,shenqiu,133
life,huaiyang,132
life,dancheng,76
life,luyi,140
life,taikang,80
life,shangshui,107
life,xihua,101
life,fugou,99
life,xiangcheng,171
life,xinxianxian,59
life,luoshan,112
life,shangcheng,117
life,gushi,212
life,guangshan,79
life,huaibin,53
life,xyxixian,71
life,tongbo,73
life,xinye,162
life,tanghe,145
life,sheqi,63
life,xichuan,116
life,neixiang,108
life,zhenping,156
life,xixia,116
life,fangcheng,101
life,nanzhao,79
life,dengzhou,236
life,jiaxian,134
life,pdslushan,151
life,yexian,105
life,baofeng,108
life,ruzhou,219
life,wugang,101
life,linying,135
life,wuyang,111
life,xcxiangcheng,124
life,yanling,99
life,xuchangxian,132
life,changge,292
life,yuzhou,282
life,zhecheng,127
life,xiayi,105
life,suixian,114
life,ningling,66
life,minquan,117
life,yuchengxian,85
life,lankao,87
life,kaifengxian,69
life,weishi,163
life,yongcheng,263
life,tongxu,73
life,kfqixian,66
life,puyangxian,102
life,taiqian,34
life,fanxian,58
life,nanle,76
life,qingfeng,83
life,neihuang,82
life,huaxian,149
life,tangyin,146
life,anyangxian,95
life,linzhou,327
life,hbqixian,91
life,xunxian,173
life,changyuan,146
life,fengqiu,76
life,yanjin,29
life,yuanyang,54
life,huojia,40
life,xinxiangxian,55
life,huixian,190
life,weihui,53
life,wenxian,105
life,wuzhi,138
life,boai,114
life,xiuwu,67
life,qinyang,170
life,mengzhou,100
life,yichuan,262
life,luoning,68
life,lyyiyang,122
life,ruyang,98
life,songxian,126
life,luanchuan,129
life,xinan,195
life,mengjin,118
life,yanshi,253
life,lushi,70
life,shanxian,69
life,lingbao,207
life,yima,85
life,zhongmo,338
life,shenchixian,93
life,xingyang,392
life,gongyi,341
life,xinmi,236
life,dengfeng,386
life,xinzheng,503
life,huangchuan,127
life,jiyuan,368
life,hebi,714
life,zhumadian,1594
life,luohe,948
life,sanmenxia,854
life,xinyang,1786
life,shangqiu,1649
life,zhoukou,1467
life,pingdingshan,1573
life,jiaozuo,1736
life,nanyang,2717
life,puyang,1147
life,anyang,1799
life,xuchang,1621
life,kaifeng,1160
life,luoyang,4177
life,xinxiang,1568
life,zhengzhou,8633
life,jinmenxian,10
life,zhouning,31
life,gutian,88
life,pingnan,35
life,zherong,43
life,xiapu,103
life,shouning,18
life,fuan,190
life,liancheng,62
life,wuping,54
life,shanghang,105
life,yongding,100
life,changting,93
life,zhangping,76
life,zhangpu,238
life,dehua,93
life,yongchun,63
life,anxi,393
life,huian,252
life,jianning,23
life,taining,35
life,jiangle,44
life,shaxian,87
life,youxi,73
life,datian,67
life,ninghua,46
life,qingliu,18
life,mingxi,35
life,yongan,133
life,zhenghe,43
life,songxi,12
life,guangze,31
life,pucheng,44
life,shuncang,26
life,jianyangshi,125
life,jianou,143
life,shaowu,97
life,pingtan,152
life,yongtai,60
life,luoyuan,68
life,lianjiangxian,209
life,gulangyu,101
life,fuding,173
life,liuhai,279
life,nanan,408
life,jinjiang,907
life,shishi,464
life,wuyishan,287
life,changle,280
life,fuqing,552
life,putian,1361
life,sanming,864
life,ningde,1061
life,nanping,1083
life,longyan,1173
life,zhangzhou,1877
life,quanzhou,4318
life,xiamen,5471
life,fuzhou,5442
life,datongqu,87
life,jixixian,76
life,jingde,36
life,jingxianxian,131
life,guangde,220
life,langxi,108
life,ningguo,286
life,qingyangxian,113
life,shitai,33
life,dongzhi,43
life,hexian,116
life,hanshan,76
life,wuweixian,170
life,lujian,253
life,huoshan,66
life,jinzhai,64
life,shucheng,119
life,huoqiu,108
life,shouxian,124
life,qimen,41
life,hsyixian,85
life,xiuning,74
life,hsxixian,109
life,yuexi,102
life,wangjian,72
life,susong,93
life,taihu,91
life,qianshan,98
life,zongyang,71
life,huaining,108
life,tongcheng,174
life,tonglingxian,123
life,nanling,192
life,fancang,152
life,wuhuxian,177
life,dangtou,233
life,fengyangxian,127
life,dingyuan,176
life,quanjiao,188
life,laian,67
life,tianchang,347
life,mingguang,161
life,fengtai,232
life,guzhen,101
life,wuhe,114
life,huaiyuan,176
life,yingshang,188
life,funan,139
life,taihe,186
life,linquan,183
life,jieshou,92
life,lixin,126
life,mengcheng,190
life,woyang,136
life,suixi,179
life,sixian,79
life,lingbi,133
life,xiaoxian,119
life,dangshan,128
life,feixi,363
life,changfeng,261
life,jiuhuashan,9
life,xidi,8
life,feidong,332
life,hongcun,33
life,tianzhushan,3
life,liuan,1097
life,chizhou,480
life,tongling,694
life,bozhou,1018
life,xuancheng,1301
life,chaohu,353
life,fuyang,1776
life,huaibei,745
life,maanshan,1292
life,anqing,1425
life,chuzhou,1629
life,huainan,1534
life,anhuisuzhou,1397
life,wuhu,2035
life,bengbu,1440
life,huangshan,894
life,hefei,7504
life,jingning,49
life,lsqingyuan,67
life,songyang,74
life,suicang,88
life,yunhe,85
life,qingtian,186
life,jinyun,190
life,liuquan,164
life,yuhuan,405
life,xianju,354
life,tiantai,335
life,sanmen,215
life,wenling,1020
life,linhai,793
life,panan,104
life,pujiang,361
life,wuyixian,332
life,dongyang,1020
life,lanxi,343
life,liuyou,189
life,kaihua,116
life,changshan,97
life,jianshan,279
life,xincang,241
life,shaoxingxian,683
life,shengzhou,392
life,shangyu,678
life,shengsi,71
life,daishan,89
life,haiyan,256
life,jiashan,700
life,tongxiang,955
life,haining,651
life,pinghu,439
life,anji,481
life,deqing,406
life,changxing,540
life,chunan,308
life,jiande,275
life,xiandu,0
life,putuoshan,52
life,zhujiajian,58
life,hengdian,211
life,moganshan,39
life,yandangshan,80
life,tianmushan,50
life,qiandaohu,224
life,fuchunjiang,31
life,wuzhen,88
life,xitang,258
life,xiangshan,380
life,ninghai,453
life,cangnan,798
life,pingyang,548
life,yueqing,1037
life,ruian,1118
life,yongkang,735
life,zhuji,1065
life,tonglu,446
life,fuyangfy,698
life,linan,588
life,yuyao,961
life,fenghua,436
life,cixi,1157
life,yiwu,1852
life,lishui,1539
life,quzhou,1693
life,zhoushan,1185
life,huzhou,2993
life,shaoxing,4156
life,jinhua,6441
life,zhejiangtaizhou,5023
life,wenzhou,7354
life,jiaxing,4650
life,ningbo,8782
life,hangzhou,13057
life,jurong,487
life,danyang,747
life,yangzhong,243
life,haian,375
life,rudong,256
life,rugao,538
life,tongzhou,615
life,qidong,460
life,haimen,506
life,xinghua,535
life,jiangyan,422
life,taixing,536
life,baoying,326
life,jianhu,303
life,xiangshui,160
life,binhai,267
life,funing,280
life,sheyang,213
life,dafeng,275
life,dongtai,327
life,lianshui,252
life,hongze,182
life,xuyi,250
life,jinhu,169
life,sihong,328
life,siyang,295
life,shuyang,626
life,guannan,200
life,donghai,504
life,guanyun,229
life,ganyu,387
life,fengxian,278
life,peixian,247
life,szsuining,351
life,xinyi,315
life,pizhou,376
life,gaoyou,470
life,jiangdu,723
life,yizheng,594
life,tongli,95
life,luzhi,104
life,tianmuhu,62
life,zhouzhuang,69
life,liyang,720
life,jintan,555
life,jingjian,472
life,yixing,1133
life,jiangyin,1635
life,taicang,701
life,wujiang,1405
life,zhangjiagang,1230
life,changshu,1166
life,kunshan,2702
life,suqian,2302
life,yancheng,3233
life,taizhou,2891
life,lianyuangang,2606
life,huaian,2462
life,zhenjiang,3175
life,nantong,4211
life,xuzhou,4530
life,changzhou,6435
life,wuxi,8294
life,yangzhou,5136
life,suzhou,13974
life,nanjing,9568
life,zhoucun,363
life,linzi,411
life,zichuan,356
life,xuecheng,411
life,shidao,167
life,mouping,302
life,hekou,80
life,boshan,275
life,dongming,90
life,juancheng,52
life,yunchengxian,122
life,juye,137
life,danxian,195
life,chengwu,89
life,dingtao,54
life,caoxian,192
life,zouping,257
life,boxing,173
life,zhanhua,60
life,wudi,88
life,yangxin,70
life,huimin,123
life,dongping,143
life,ningyang,116
life,feicheng,264
life,xintai,372
life,liangshanxian,159
life,sishui,101
life,wenshang,201
life,jiaxiang,169
life,jinxiang,208
life,yutai,103
life,weishan,145
life,zoucheng,429
life,yanzhou,356
life,qufu,314
life,tengzhou,935
life,linshu,114
life,yinan,154
life,feixian,141
life,pingyi,102
life,mengyin,85
life,yishui,204
life,junan,97
life,cangshan,135
life,tancheng,92
life,juxian,237
life,wulian,126
life,rushan,215
life,changdao,59
life,zhaoyuan,401
life,penglai,328
life,laizhou,503
life,laiyang,308
life,liukou,557
life,haiyang,333
life,qixia,180
life,cangle,274
life,linqu,255
life,shouguang,573
life,zhucheng,424
life,qingzhou,488
life,gaomi,419
life,cangyi,265
life,anqiu,222
life,yiyuan,165
life,gaoqing,116
life,huantai,267
life,guangrao,223
life,lijin,69
life,kenli,111
life,qingyun,57
life,ningjin,75
life,linyixian,120
life,qihe,92
life,wucheng,124
life,xiajin,120
life,pingyuan,116
life,lingxian,102
life,yucheng,146
life,leling,81
life,gaotang,117
life,guanxian,83
life,donga,76
life,chiping,166
life,xinxian,109
life,yanggu,103
life,linqing,99
life,shanghe,91
life,jiyang,115
life,pingyin,91
life,wendeng,515
life,rongcheng,518
life,zhangqiu,431
life,laiwu,620
life,heze,1594
life,liaocheng,1658
life,binzhou,1515
life,dezhou,2061
life,zaozhuang,2412
life,rizhao,1736
life,dongying,1502
life,jining,3443
life,linyi,3393
life,zibo,3593
life,taian,2273
life,weifang,4833
life,weihai,3004
life,yantai,5352
life,jinan,6213
life,jiancang,94
life,qingdao,9810
life,suizhong,214
life,xingcheng,217
life,jzyixian,82
life,heishan,98
life,beining,121
life,linghai,222
life,panshan,69
life,dawa,242
life,gaizhou,197
life,dashiqiao,282
life,kuandian,116
life,donggang,275
life,fengcheng,249
life,xiuyan,127
life,taianxian,145
life,haicheng,624
life,liaoyangxian,38
life,dengta,153
life,huanren,115
life,benxixian,187
life,fsqingyuan,88
life,xinbin,77
life,lnfushunxian,23
life,cangtu,82
life,xifeng,81
life,tielingxian,199
life,kaiyuan,287
life,diaobingshan,123
life,fuxinxian,118
life,zhangwu,117
life,kalaqinzuiyi,51
life,jianping,96
life,chaoyangxian,12
life,lingyuan,119
life,beipiao,59
life,fakun,91
life,kangping,82
life,liaozhong,158
life,xinmin,240
life,changhai,80
life,zhuanghe,345
life,pulandian,285
life,wafangdian,618
life,chaoyang,775
life,tieling,1211
life,fuxin,1112
life,benxi,1536
life,panjin,1236
life,liaoyang,1200
life,huludao,1192
life,dandong,1332
life,yingkou,1814
life,fushun,1872
life,jinzhou,1590
life,anshan,2721
life,dalian,8815
life,shenyang,9568
life,antu,88
life,wangqing,71
life,heliu,45
life,liujing,62
life,dunhua,119
life,tumen,79
life,chengbai,38
life,linjian,56
life,liuhe,134
life,jingyu,59
life,huinan,86
life,fusong,185
life,tonghuaxian,65
life,jianshi,51
life,dongliao,29
life,dongfeng,115
life,yitong,70
life,lishu,72
life,gongzhuling,189
life,shuangliao,118
life,yongjixian,82
life,shulan,99
life,huadian,113
life,jiaohe,136
life,panshi,99
life,qianguoerluo,153
life,qiananxian,50
life,changling,138
life,fuyu,73
life,tongyu,107
life,zhenlai,129
life,taonan,73
life,daan,96
life,nongan,145
life,yushushi,180
life,jiutai,119
life,dehui,162
life,meihekou,215
life,huichun,230
life,changbaishan,49
life,yanji,730
life,baicheng,858
life,liaoyuan,505
life,baishan,864
life,tonghua,951
life,siping,1019
life,songyuan,894
life,yanbian,1424
life,jilin,2316
life,changchun,4864
life,mohe,51
life,tahe,26
life,huma,32
life,suileng,110
life,mingshui,28
life,qingan,81
life,qinggang,32
life,lanxixian,66
life,wangkui,47
life,hailun,90
life,zhaodong,132
life,anda,118
life,linkou,54
life,dongning,97
life,ningan,151
life,hailin,171
life,suifenhe,140
life,muleng,76
life,jidong,82
life,mishan,121
life,hulin,73
life,raohe,43
life,youyi,59
life,sysjixianxian,95
life,fuyuan,25
life,baoqing,123
life,tangyuan,30
life,huachuan,51
life,huanan,67
life,fujin,146
life,tongjiang,79
life,jiayin,39
life,tieli,128
life,suibin,61
life,luobei,146
life,duerbote,78
life,lindian,52
life,zhaoyuanxian,73
life,zhaozhou,84
life,xunke,17
life,nengjian,110
life,sunwu,42
life,wudalianchi,59
life,beian,84
life,baiquan,78
life,kedong,29
life,keshan,35
life,fuyuxian,51
life,gannan,59
life,tailai,58
life,yian,59
life,longjiang,133
life,nehe,116
life,boli,108
life,bayan,94
life,binxian,91
life,yabuli,45
life,suihua,1144
life,shuangyashan,615
life,yichun,584
life,hegang,574
life,qitaihe,470
life,daxinganling,212
life,jixi,791
life,jiamusi,1025
life,qiqihaer,1780
life,mudanjiang,1550
life,heihe,498
life,daqing,1614
life,haerbin,5903
life,ejinaqi,29
life,ayouqi,34
life,azuoqi,142
life,zhenglanqi,33
life,zhengbaiqi,24
life,xianghuangqi,20
life,taipusiqi,27
life,xiwuqinqi,81
life,dongwuqinqi,64
life,suyouqi,34
life,suzuoqi,22
life,abagaqi,32
life,zhalaiteqi,72
life,keyouzhongqi,57
life,keyouqianqi,29
life,siziwangqi,53
life,chayouhouqi,30
life,chayouzhongqi,18
life,chayouqianqi,330
life,hangjinhouqi,101
life,wuhouqi,21
life,wuzhongqi,51
life,wuqianqi,117
life,chenhuyouqi,22
life,chenhuzuoqi,17
life,chenhuqi,14
life,ewenkeqi,43
life,elunchunqi,56
life,molidawaqi,38
life,arongqi,59
life,yijinqi,68
life,wushenqi,47
life,hangjinqi,30
life,eqi,77
life,eqianqi,20
life,zhungeerqi,93
life,dalateqi,104
life,zhaluteqi,87
life,naimanqi,103
life,kulunqi,57
life,kezuohouqi,84
life,kezuozhongqi,115
life,aohanqi,67
life,keqinqi,50
life,wenteqi,79
life,ketengqi,67
life,bayouqi,76
life,bazuoqi,82
life,aluqinqi,79
life,daerhanqi,22
life,tuyouqi,76
life,tuzuoqi,96
life,duolun,41
life,erlianhaote,130
life,tuquan,79
life,aershan,28
life,dengkou,50
life,wuyuanxian,66
life,liangcheng,21
life,xinghe,38
life,shangdu,48
life,huade,22
life,zhuozi,32
life,fengzhen,111
life,eerguna,72
life,genhe,32
life,yakeshi,144
life,zalantun,140
life,manzhouli,310
life,kailu,128
life,huolinguole,114
life,linxixian,83
life,ningcheng,147
life,guyang,28
life,qingshuihe,11
life,helingeer,57
life,wuchuanxian,40
life,tuoketuo,40
life,wulanhaote,309
life,xilinhaote,341
life,wulanchabu,842
life,alashan,205
life,xilinguole,849
life,bayannaoer,928
life,xingan,574
life,wuhai,537
life,tongliao,1345
life,eerduosi,912
life,chifeng,1784
life,hulunbeier,1353
life,baotou,2167
life,huhehaote,3009
life,ruichengxian,63
life,pingluxian,44
life,xiaxian,57
life,hengquxian,67
life,jiangxian,67
life,xinjiangxian,42
life,jishanxian,48
life,wenxixian,82
life,wanrongxian,55
life,yclinyixian,154
life,hejin,179
life,yongji,107
life,shilou,7
life,jiaocheng,69
life,jiaokou,21
life,lanxian,19
life,liulin,64
life,fangshan,11
life,linxian,42
life,xingxian,11
life,zhongyang,22
life,wenshui,62
life,fengyang,121
life,xiaoyi,234
life,fenxi,17
life,xixian,31
life,yonghe,8
life,daning,1
life,puxian,22
life,xiangning,34
life,lfjixian,16
life,fushan,26
life,anzhe,15
life,guxian,20
life,hongdong,130
life,xiangfen,101
life,yichengxian,75
life,quwo,50
life,huozhou,121
life,houma,266
life,lingshi,82
life,pingyao,165
life,qixian,65
life,taigu,116
life,shouyang,57
life,xiyang,35
life,heshun,42
life,zuoquan,62
life,yushe,27
life,jiexiu,173
life,pianguan,17
life,baode,21
life,hequ,18
life,kelan,6
life,wuzai,29
life,shenchi,9
life,jingle,14
life,fanzhi,53
life,daixian,38
life,ningwu,27
life,wutai,46
life,dingxiang,54
life,yuanping,136
life,lingchuan,44
life,yangcheng,281
life,qinshui,52
life,zhezhou,57
life,gaoping,106
life,qinyuan,32
life,qinxian,31
life,wuxiang,28
life,changzi,45
life,huguan,46
life,licheng,29
life,pingshun,8
life,tunliu,42
life,xiangyuan,105
life,changzhixian,72
life,lucheng,73
life,yuxian,95
life,pingding,62
life,datongxian,34
life,zuoyun,15
life,hunyuan,40
life,lingqiu,24
life,guangling,22
life,tianzhen,21
life,yanggao,42
life,huairen,158
life,youyu,15
life,yingxian,34
life,shanyin,49
life,loufan,17
life,yangqu,21
life,qingxu,117
life,gujiao,65
life,lvliang,937
life,yangquan,675
life,shuozhou,667
life,jincheng,1015
life,yuncheng,2001
life,xinzhou,805
life,changzhi,1168
life,linfen,1958
life,jinzhong,1416
life,datong,1412
life,taiyuan,4136
life,rongchengxian,57
life,quzhouxian,48
life,hdweixian,62
life,guantao,52
life,guangping,23
life,jizhe,26
life,qiuxian,37
life,yongnian,186
life,feixiang,59
life,cixian,144
life,shexian,106
life,daming,59
life,chengan,85
life,linzhang,59
life,handanxian,49
life,wuan,221
life,linxi,28
life,qinghe,55
life,xtweixian,65
life,pingxiangxian,53
life,guangzong,39
life,xinhe,41
life,julu,60
life,ningjing,124
life,nanhe,61
life,renxian,51
life,longrao,69
life,boxiang,18
life,neiqiu,50
life,lincheng,25
life,xingtaixian,90
life,shahe,124
life,nangong,54
life,mengcun,50
life,xianxian,89
life,wuqiao,63
life,nanpi,37
life,suning,87
life,yanshan,88
life,haixing,51
life,dongguang,105
life,qingxian,147
life,cangxian,42
life,hejian,164
life,huanghua,217
life,renqiu,186
life,botou,149
life,fucheng,41
life,jingxian,76
life,gucheng,114
life,anping,113
life,raoyang,44
life,wuqiang,51
life,wuyi,69
life,zaoqiang,109
life,shenzhou,79
life,jizhou,97
life,lixian,52
life,boye,37
life,fuping,36
life,quyang,72
life,xiongxian,69
life,anxin,90
life,gaoyang,92
life,laishui,97
life,wangdu,45
life,tangxian,62
life,shunping,56
life,dingxing,79
life,laiyuan,77
life,xushui,103
life,bdyixian,107
life,bdqingyuan,84
life,mancheng,106
life,gaopaidian,236
life,anguo,101
life,zhuozhou,274
life,dingzhou,218
life,dachang,48
life,wenan,89
life,cangli,176
life,weichang,114
life,kuancheng,89
life,fengning,158
life,longhua,66
life,luanping,76
life,pingquan,99
life,xinglong,120
life,chengdexian,125
life,chongli,45
life,chicheng,44
life,zhuolu,50
life,huailai,150
life,wanquan,52
life,huaianxian,29
life,yangyuan,29
life,weixian,123
life,shangyi,13
life,guyuanxian,39
life,kangbao,10
life,zhangbei,121
life,xuanhua,17
life,zhaoxian,88
life,yuanshi,121
life,pingshan,194
life,wuji,78
life,zanhuang,67
life,shenzhe,60
life,gaoyi,52
life,lingshou,48
life,xingtang,109
life,luancheng,132
life,zhengding,264
life,jingjing,65
life,luquan,178
life,xinle,117
life,jinzhoushi,104
life,gaocheng,200
life,xinji,224
life,nandaihe,49
life,hengshui,1361
life,zhangjiakou,1801
life,cangzhou,2131
life,chengde,1443
life,xingtai,1632
life,tangshan,4170
life,langfang,2301
life,handan,2815
life,qinhuangdao,2142
life,baoding,3834